Gib Lewis Unit,Texas,48,"{'Pop Recovered': 0.0, 'Pop Deaths': '', 'Source': '', 'Staff Recovered': 0.0, 'Staff Tested Negative': '', 'Staff Deaths': '', 'Pop Tested Negative': '', 'Pop Tested': '', 'Facility Type': 'State Prisons', 'State': 'Texas', 'Notes': '', 'Staff Tested': '', 'Staff Tested Positive': 0.0, 'Date': '2020-06-17', 'Canonical Facility Name': 'Gib Lewis Unit', 'Compilation': 'covidprisondata.com', 'Pop Tested Positive': 1.0}"
Seaford Probation  Parole,Delaware,10,"{'Pop Recovered': '', 'Pop Deaths': '', 'Source': '', 'Staff Recovered': '', 'Staff Tested Negative': '', 'Staff Deaths': '', 'Pop Tested Negative': '', 'Pop Tested': '', 'Facility Type': 'State Prisons', 'State': 'Delaware', 'Notes': '', 'Staff Tested': '', 'Staff Tested Positive': 0.0, 'Date': '2020-06-17', 'Canonical Facility Name': 'Seaford Probation & Parole', 'Compilation': 'covidprisondata.com', 'Pop Tested Positive': 0.0}"
Togo CIP,Minnesota,27,"{'Pop Recovered': '', 'Pop Deaths': '', 'Source': '', 'Staff Recovered': '', 'Staff Tested Negative': '', 'Staff Deaths': '', 'Pop Tested Negative': 14.0, 'Pop Tested': 14.0, 'Facility Type': 'State Prisons', 'State': 'Minnesota', 'Notes': '', 'Staff Tested': '', 'Staff Tested Positive': 0.0, 'Date': '2020-06-17', 'Canonical Facility Name': 'Togo (CIP)', 'Compilation': 'covidprisondata.com', 'Pop Tested Positive': 0.0}"
Childersburg total,Alabama,01,"{'Pop Recovered': '', 'Pop Deaths': '', 'Source': '', 'Staff Recovered': '', 'Staff Tested Negative': '', 'Staff Deaths': '', 'Pop Tested Negative': '', 'Pop Tested': '', 'Facility Type': 'State Prisons', 'State': 'Alabama', 'Notes': '', 'Staff Tested': '', 'Staff Tested Positive': 0.0, 'Date': '2020-06-17', 'Canonical Facility Name': 'Childersburg (total)', 'Compilation': 'covidprisondata.com', 'Pop Tested Positive': 0.0}"
Dolph Briscoe Unit,Texas,48,"{'Pop Recovered': 0.0, 'Pop Deaths': '', 'Source': '', 'Staff Recovered': 0.0, 'Staff Tested Negative': '', 'Staff Deaths': '', 'Pop Tested Negative': '', 'Pop Tested': '', 'Facility Type': 'State Prisons', 'State': 'Texas', 'Notes': '', 'Staff Tested': '', 'Staff Tested Positive': 0.0, 'Date': '2020-06-17', 'Canonical Facility Name': 'Dolph Briscoe Unit', 'Compilation': 'covidprisondata.com', 'Pop Tested Positive': 0.0}"
Baltimore PreRelease Unit,Maryland,24,"{'Pop Recovered': '', 'Pop Deaths': '', 'Source': '', 'Staff Recovered': '', 'Staff Tested Negative': '', 'Staff Deaths': '', 'Pop Tested Negative': '', 'Pop Tested': '', 'Facility Type': 'State Prisons', 'State': 'Maryland', 'Notes': '', 'Staff Tested': '', 'Staff Tested Positive': 7.0, 'Date': '2020-06-17', 'Canonical Facility Name': 'Baltimore Pre-Release Unit', 'Compilation': 'covidprisondata.com', 'Pop Tested Positive': 0.0}"
Dover Probation  Parole,Delaware,10,"{'Pop Recovered': '', 'Pop Deaths': '', 'Source': '', 'Staff Recovered': '', 'Staff Tested Negative': '', 'Staff Deaths': '', 'Pop Tested Negative': '', 'Pop Tested': '', 'Facility Type': 'State Prisons', 'State': 'Delaware', 'Notes': '', 'Staff Tested': '', 'Staff Tested Positive': 0.0, 'Date': '2020-06-17', 'Canonical Facility Name': 'Dover Probation & Parole', 'Compilation': 'covidprisondata.com', 'Pop Tested Positive': 0.0}"
Helena Prerelease Center  Helena,Montana,30,"{'Pop Recovered': '', 'Pop Deaths': '', 'Source': '', 'Staff Recovered': '', 'Staff Tested Negative': '', 'Staff Deaths': '', 'Pop Tested Negative': '', 'Pop Tested': 0.0, 'Facility Type': 'State Prisons', 'State': 'Montana', 'Notes': '', 'Staff Tested': 0.0, 'Staff Tested Positive': 0.0, 'Date': '2020-06-17', 'Canonical Facility Name': 'Helena Prerelease Center - Helena', 'Compilation': 'covidprisondata.com', 'Pop Tested Positive': 0.0}"
Elgin Treatment Center,Illinois,17,"{'Pop Recovered': 0.0, 'Pop Deaths': '', 'Source': '', 'Staff Recovered': 5.0, 'Staff Tested Negative': '', 'Staff Deaths': '', 'Pop Tested Negative': '', 'Pop Tested': '', 'Facility Type': 'State Prisons', 'State': 'Illinois', 'Notes': '', 'Staff Tested': '', 'Staff Tested Positive': 5.0, 'Date': '2020-06-17', 'Canonical Facility Name': 'Elgin Treatment Center', 'Compilation': 'covidprisondata.com', 'Pop Tested Positive': 0.0}"
Linda Woodman State Jail,Texas,48,"{'Pop Recovered': 59.0, 'Pop Deaths': '', 'Source': '', 'Staff Recovered': 13.0, 'Staff Tested Negative': '', 'Staff Deaths': '', 'Pop Tested Negative': '', 'Pop Tested': '', 'Facility Type': 'State Prisons', 'State': 'Texas', 'Notes': '', 'Staff Tested': '', 'Staff Tested Positive': 20.0, 'Date': '2020-06-17', 'Canonical Facility Name': 'Linda Woodman State Jail', 'Compilation': 'covidprisondata.com', 'Pop Tested Positive': 59.0}"
Special Operations Group,Delaware,10,"{'Pop Recovered': '', 'Pop Deaths': '', 'Source': '', 'Staff Recovered': '', 'Staff Tested Negative': '', 'Staff Deaths': '', 'Pop Tested Negative': '', 'Pop Tested': '', 'Facility Type': 'State Prisons', 'State': 'Delaware', 'Notes': '', 'Staff Tested': '', 'Staff Tested Positive': 0.0, 'Date': '2020-06-17', 'Canonical Facility Name': 'Special Operations Group', 'Compilation': 'covidprisondata.com', 'Pop Tested Positive': 0.0}"
CDCRCCHCS Worksite Location  Los Angeles County,California,06,"{'Pop Recovered': '', 'Pop Deaths': '', 'Source': '', 'Staff Recovered': 4.0, 'Staff Tested Negative': '', 'Staff Deaths': '', 'Pop Tested Negative': '', 'Pop Tested': '', 'Facility Type': 'State Prisons', 'State': 'California', 'Notes': '', 'Staff Tested': '', 'Staff Tested Positive': 5.0, 'Date': '2020-06-17', 'Canonical Facility Name': 'CDCR/CCHCS Worksite Location - Los Angeles County', 'Compilation': 'covidprisondata.com', 'Pop Tested Positive': ''}"
St Cloud,Minnesota,27,"{'Pop Recovered': '', 'Pop Deaths': '', 'Source': '', 'Staff Recovered': '', 'Staff Tested Negative': '', 'Staff Deaths': '', 'Pop Tested Negative': 1184.0, 'Pop Tested': 1241.0, 'Facility Type': 'State Prisons', 'State': 'Minnesota', 'Notes': '', 'Staff Tested': '', 'Staff Tested Positive': 1.0, 'Date': '2020-06-17', 'Canonical Facility Name': 'St. Cloud', 'Compilation': 'covidprisondata.com', 'Pop Tested Positive': 2.0}"
Larry Gist State Jail,Texas,48,"{'Pop Recovered': 2.0, 'Pop Deaths': '', 'Source': '', 'Staff Recovered': 12.0, 'Staff Tested Negative': '', 'Staff Deaths': '', 'Pop Tested Negative': '', 'Pop Tested': '', 'Facility Type': 'State Prisons', 'State': 'Texas', 'Notes': '', 'Staff Tested': '', 'Staff Tested Positive': 17.0, 'Date': '2020-06-17', 'Canonical Facility Name': 'Larry Gist State Jail', 'Compilation': 'covidprisondata.com', 'Pop Tested Positive': 235.0}"
Saguaro Correctional Facility,Hawaii,15,"{'Pop Recovered': '', 'Pop Deaths': '', 'Source': '', 'Staff Recovered': '', 'Staff Tested Negative': '', 'Staff Deaths': '', 'Pop Tested Negative': 3.0, 'Pop Tested': 3.0, 'Facility Type': 'State Prisons', 'State': 'Hawaii', 'Notes': '', 'Staff Tested': '', 'Staff Tested Positive': '', 'Date': '2020-06-17', 'Canonical Facility Name': 'Saguaro Correctional Facility', 'Compilation': 'covidprisondata.com', 'Pop Tested Positive': 0.0}"
Manuel A Segovia Unit,Texas,48,"{'Pop Recovered': 3.0, 'Pop Deaths': '', 'Source': '', 'Staff Recovered': 2.0, 'Staff Tested Negative': '', 'Staff Deaths': '', 'Pop Tested Negative': '', 'Pop Tested': '', 'Facility Type': 'State Prisons', 'State': 'Texas', 'Notes': '', 'Staff Tested': '', 'Staff Tested Positive': 3.0, 'Date': '2020-06-17', 'Canonical Facility Name': 'Manuel A. Segovia Unit', 'Compilation': 'covidprisondata.com', 'Pop Tested Positive': 3.0}"
Bridgeway Inc Halfway House,Oklahoma,40,"{'Pop Recovered': 0.0, 'Pop Deaths': '', 'Source': '', 'Staff Recovered': '', 'Staff Tested Negative': '', 'Staff Deaths': '', 'Pop Tested Negative': '', 'Pop Tested': '', 'Facility Type': 'State Prisons', 'State': 'Oklahoma', 'Notes': '', 'Staff Tested': '', 'Staff Tested Positive': 0.0, 'Date': '2020-06-17', 'Canonical Facility Name': 'Bridgeway, Inc. (Halfway House)', 'Compilation': 'covidprisondata.com', 'Pop Tested Positive': 0.0}"
Wayne Scott Unit,Texas,48,"{'Pop Recovered': 76.0, 'Pop Deaths': '', 'Source': '', 'Staff Recovered': 15.0, 'Staff Tested Negative': '', 'Staff Deaths': '', 'Pop Tested Negative': '', 'Pop Tested': '', 'Facility Type': 'State Prisons', 'State': 'Texas', 'Notes': '', 'Staff Tested': '', 'Staff Tested Positive': 22.0, 'Date': '2020-06-17', 'Canonical Facility Name': 'Wayne Scott Unit', 'Compilation': 'covidprisondata.com', 'Pop Tested Positive': 100.0}"
Marshall Formby State Jail,Texas,48,"{'Pop Recovered': 1.0, 'Pop Deaths': '', 'Source': '', 'Staff Recovered': 0.0, 'Staff Tested Negative': '', 'Staff Deaths': '', 'Pop Tested Negative': '', 'Pop Tested': '', 'Facility Type': 'State Prisons', 'State': 'Texas', 'Notes': '', 'Staff Tested': '', 'Staff Tested Positive': 0.0, 'Date': '2020-06-17', 'Canonical Facility Name': 'Marshall Formby State Jail', 'Compilation': 'covidprisondata.com', 'Pop Tested Positive': 1.0}"
Womens Huron Valley Correctional Facility,Michigan,26,"{'Pop Recovered': '', 'Pop Deaths': 4.0, 'Source': 'https://medium.com/@MichiganDOC/mdoc-takes-steps-to-prevent-spread-of-coronavirus-covid-19-250f43144337', 'Staff Recovered': '', 'Staff Tested Negative': '', 'Staff Deaths': '', 'Pop Tested Negative': 1652.0, 'Pop Tested': 1959.0, 'Facility Type': 'State Prisons', 'State': 'Michigan', 'Notes': '', 'Staff Tested': '', 'Staff Tested Positive': 29.0, 'Date': '2020-06-17', 'Canonical Facility Name': ""Women's Huron Valley Correctional Facility"", 'Compilation': 'Recidiviz', 'Pop Tested Positive': 273.0}"
Jim Rudd Unit,Texas,48,"{'Pop Recovered': 7.0, 'Pop Deaths': '', 'Source': '', 'Staff Recovered': 0.0, 'Staff Tested Negative': '', 'Staff Deaths': '', 'Pop Tested Negative': '', 'Pop Tested': '', 'Facility Type': 'State Prisons', 'State': 'Texas', 'Notes': '', 'Staff Tested': '', 'Staff Tested Positive': 0.0, 'Date': '2020-06-17', 'Canonical Facility Name': 'Jim Rudd Unit', 'Compilation': 'covidprisondata.com', 'Pop Tested Positive': 10.0}"
Passages Womens Center,Montana,30,"{'Pop Recovered': '', 'Pop Deaths': '', 'Source': '', 'Staff Recovered': '', 'Staff Tested Negative': '', 'Staff Deaths': '', 'Pop Tested Negative': '', 'Pop Tested': 2.0, 'Facility Type': 'State Prisons', 'State': 'Montana', 'Notes': '', 'Staff Tested': 0.0, 'Staff Tested Positive': 0.0, 'Date': '2020-06-17', 'Canonical Facility Name': ""Passages Women's Center"", 'Compilation': 'covidprisondata.com', 'Pop Tested Positive': 0.0}"
Ruben M Torres Unit,Texas,48,"{'Pop Recovered': 0.0, 'Pop Deaths': '', 'Source': '', 'Staff Recovered': 4.0, 'Staff Tested Negative': '', 'Staff Deaths': '', 'Pop Tested Negative': '', 'Pop Tested': '', 'Facility Type': 'State Prisons', 'State': 'Texas', 'Notes': '', 'Staff Tested': '', 'Staff Tested Positive': 5.0, 'Date': '2020-06-17', 'Canonical Facility Name': 'Ruben M. Torres Unit', 'Compilation': 'covidprisondata.com', 'Pop Tested Positive': 1.0}"
Kyle Unit,Texas,48,"{'Pop Recovered': 0.0, 'Pop Deaths': '', 'Source': '', 'Staff Recovered': 0.0, 'Staff Tested Negative': '', 'Staff Deaths': '', 'Pop Tested Negative': '', 'Pop Tested': '', 'Facility Type': 'State Prisons', 'State': 'Texas', 'Notes': '', 'Staff Tested': '', 'Staff Tested Positive': 1.0, 'Date': '2020-06-17', 'Canonical Facility Name': 'Kyle Unit', 'Compilation': 'covidprisondata.com', 'Pop Tested Positive': 0.0}"
St Brides Correctional Center,Virginia,51,"{'Pop Recovered': '', 'Pop Deaths': 0.0, 'Source': '', 'Staff Recovered': '', 'Staff Tested Negative': '', 'Staff Deaths': '', 'Pop Tested Negative': '', 'Pop Tested': '', 'Facility Type': 'State Prisons', 'State': 'Virginia', 'Notes': '', 'Staff Tested': '', 'Staff Tested Positive': 0.0, 'Date': '2020-06-17', 'Canonical Facility Name': 'St. Brides Correctional Center', 'Compilation': 'covidprisondata.com', 'Pop Tested Positive': 0.0}"
James Lynaugh Unit,Texas,48,"{'Pop Recovered': 0.0, 'Pop Deaths': '', 'Source': '', 'Staff Recovered': 2.0, 'Staff Tested Negative': '', 'Staff Deaths': '', 'Pop Tested Negative': '', 'Pop Tested': '', 'Facility Type': 'State Prisons', 'State': 'Texas', 'Notes': '', 'Staff Tested': '', 'Staff Tested Positive': 4.0, 'Date': '2020-06-17', 'Canonical Facility Name': 'James Lynaugh Unit', 'Compilation': 'covidprisondata.com', 'Pop Tested Positive': 0.0}"
Daniel Webster Wallace Unit,Texas,48,"{'Pop Recovered': 0.0, 'Pop Deaths': '', 'Source': '', 'Staff Recovered': 0.0, 'Staff Tested Negative': '', 'Staff Deaths': '', 'Pop Tested Negative': '', 'Pop Tested': '', 'Facility Type': 'State Prisons', 'State': 'Texas', 'Notes': '', 'Staff Tested': '', 'Staff Tested Positive': 0.0, 'Date': '2020-06-17', 'Canonical Facility Name': 'Daniel Webster Wallace Unit', 'Compilation': 'covidprisondata.com', 'Pop Tested Positive': 0.0}"
Elkhorn Meth Treatment Center,Montana,30,"{'Pop Recovered': '', 'Pop Deaths': '', 'Source': '', 'Staff Recovered': '', 'Staff Tested Negative': '', 'Staff Deaths': '', 'Pop Tested Negative': '', 'Pop Tested': 0.0, 'Facility Type': 'State Prisons', 'State': 'Montana', 'Notes': '', 'Staff Tested': 0.0, 'Staff Tested Positive': 0.0, 'Date': '2020-06-17', 'Canonical Facility Name': 'Elkhorn Meth Treatment Center', 'Compilation': 'covidprisondata.com', 'Pop Tested Positive': 0.0}"
Butte Prerelease Center  Butte,Montana,30,"{'Pop Recovered': '', 'Pop Deaths': '', 'Source': '', 'Staff Recovered': '', 'Staff Tested Negative': '', 'Staff Deaths': '', 'Pop Tested Negative': '', 'Pop Tested': 0.0, 'Facility Type': 'State Prisons', 'State': 'Montana', 'Notes': '', 'Staff Tested': 0.0, 'Staff Tested Positive': 0.0, 'Date': '2020-06-17', 'Canonical Facility Name': 'Butte Prerelease Center - Butte', 'Compilation': 'covidprisondata.com', 'Pop Tested Positive': 0.0}"
Skyview Unit,Texas,48,"{'Pop Recovered': 2.0, 'Pop Deaths': '', 'Source': '', 'Staff Recovered': 6.0, 'Staff Tested Negative': '', 'Staff Deaths': '', 'Pop Tested Negative': '', 'Pop Tested': '', 'Facility Type': 'State Prisons', 'State': 'Texas', 'Notes': '', 'Staff Tested': '', 'Staff Tested Positive': 7.0, 'Date': '2020-06-17', 'Canonical Facility Name': 'Skyview Unit', 'Compilation': 'covidprisondata.com', 'Pop Tested Positive': 3.0}"
CCP East  Butte,Montana,30,"{'Pop Recovered': '', 'Pop Deaths': '', 'Source': '', 'Staff Recovered': '', 'Staff Tested Negative': '', 'Staff Deaths': '', 'Pop Tested Negative': '', 'Pop Tested': 0.0, 'Facility Type': 'State Prisons', 'State': 'Montana', 'Notes': '', 'Staff Tested': 0.0, 'Staff Tested Positive': 0.0, 'Date': '2020-06-17', 'Canonical Facility Name': 'CCP East - Butte', 'Compilation': 'covidprisondata.com', 'Pop Tested Positive': 0.0}"
Dempsie Henley State Jail,Texas,48,"{'Pop Recovered': 0.0, 'Pop Deaths': '', 'Source': '', 'Staff Recovered': 1.0, 'Staff Tested Negative': '', 'Staff Deaths': '', 'Pop Tested Negative': '', 'Pop Tested': '', 'Facility Type': 'State Prisons', 'State': 'Texas', 'Notes': '', 'Staff Tested': '', 'Staff Tested Positive': 1.0, 'Date': '2020-06-17', 'Canonical Facility Name': 'Dempsie Henley State Jail', 'Compilation': 'covidprisondata.com', 'Pop Tested Positive': 0.0}"
Estes Unit,Texas,48,"{'Pop Recovered': 0.0, 'Pop Deaths': '', 'Source': '', 'Staff Recovered': 0.0, 'Staff Tested Negative': '', 'Staff Deaths': '', 'Pop Tested Negative': '', 'Pop Tested': '', 'Facility Type': 'State Prisons', 'State': 'Texas', 'Notes': '', 'Staff Tested': '', 'Staff Tested Positive': 0.0, 'Date': '2020-06-17', 'Canonical Facility Name': 'Estes Unit', 'Compilation': 'covidprisondata.com', 'Pop Tested Positive': 0.0}"
JB Wheeler State Jail,Texas,48,"{'Pop Recovered': 0.0, 'Pop Deaths': '', 'Source': '', 'Staff Recovered': 1.0, 'Staff Tested Negative': '', 'Staff Deaths': '', 'Pop Tested Negative': '', 'Pop Tested': '', 'Facility Type': 'State Prisons', 'State': 'Texas', 'Notes': '', 'Staff Tested': '', 'Staff Tested Positive': 1.0, 'Date': '2020-06-17', 'Canonical Facility Name': 'J.B. Wheeler State Jail', 'Compilation': 'covidprisondata.com', 'Pop Tested Positive': 0.0}"
Stillwater,Minnesota,27,"{'Pop Recovered': '', 'Pop Deaths': '', 'Source': 'https://mn.gov/doc/about/covid-19-updates/', 'Staff Recovered': 3.0, 'Staff Tested Negative': '', 'Staff Deaths': '', 'Pop Tested Negative': 1425.0, 'Pop Tested': 1425.0, 'Facility Type': 'State Prisons', 'State': 'Minnesota', 'Notes': 'Went up to 1426 on 5.22', 'Staff Tested': '', 'Staff Tested Positive': 3.0, 'Date': '2020-06-17', 'Canonical Facility Name': 'Stillwater', 'Compilation': 'Recidiviz,covidprisondata.com', 'Pop Tested Positive': 0.0}"
Shakopee,Minnesota,27,"{'Pop Recovered': '', 'Pop Deaths': '', 'Source': 'https://mn.gov/doc/about/covid-19-updates/', 'Staff Recovered': 1.0, 'Staff Tested Negative': '', 'Staff Deaths': '', 'Pop Tested Negative': 49.0, 'Pop Tested': 51.0, 'Facility Type': 'State Prisons', 'State': 'Minnesota', 'Notes': '', 'Staff Tested': '', 'Staff Tested Positive': 2.0, 'Date': '2020-06-17', 'Canonical Facility Name': 'Shakopee', 'Compilation': 'Recidiviz,covidprisondata.com', 'Pop Tested Positive': 0.0}"
Camille Griffin Graham Correctional Institution,South Carolina,45,"{'Pop Recovered': 0.0, 'Pop Deaths': '', 'Source': '', 'Staff Recovered': 3.0, 'Staff Tested Negative': '', 'Staff Deaths': '', 'Pop Tested Negative': '', 'Pop Tested': '', 'Facility Type': 'State Prisons', 'State': 'South Carolina', 'Notes': '', 'Staff Tested': '', 'Staff Tested Positive': 5.0, 'Date': '2020-06-17', 'Canonical Facility Name': 'Camille Griffin Graham Correctional Institution', 'Compilation': 'covidprisondata.com', 'Pop Tested Positive': 0.0}"
MidState Correctional Facility,New Jersey,34,"{'Pop Recovered': '', 'Pop Deaths': 1.0, 'Source': '', 'Staff Recovered': '', 'Staff Tested Negative': '', 'Staff Deaths': '', 'Pop Tested Negative': '', 'Pop Tested': '', 'Facility Type': 'State Prisons', 'State': 'New Jersey', 'Notes': '', 'Staff Tested': '', 'Staff Tested Positive': 60.0, 'Date': '2020-06-17', 'Canonical Facility Name': 'Mid-State Correctional Facility', 'Compilation': 'covidprisondata.com', 'Pop Tested Positive': 76.0}"
Montgomery Womens Facility,Alabama,01,"{'Pop Recovered': '', 'Pop Deaths': '', 'Source': '', 'Staff Recovered': '', 'Staff Tested Negative': '', 'Staff Deaths': '', 'Pop Tested Negative': '', 'Pop Tested': '', 'Facility Type': 'State Prisons', 'State': 'Alabama', 'Notes': '', 'Staff Tested': '', 'Staff Tested Positive': 4.0, 'Date': '2020-06-17', 'Canonical Facility Name': ""Montgomery Women's Facility"", 'Compilation': 'covidprisondata.com', 'Pop Tested Positive': 0.0}"
WillardCybulski Correctional Institution,Connecticut,09,"{'Pop Recovered': 56.0, 'Pop Deaths': '', 'Source': 'https://portal.ct.gov/DOC/Common-Elements/Common-Elements/Health-Information-and-Advisories', 'Staff Recovered': '', 'Staff Tested Negative': '', 'Staff Deaths': '', 'Pop Tested Negative': 9.0, 'Pop Tested': '', 'Facility Type': 'State Prisons', 'State': 'Connecticut', 'Notes': 'Updated 6.16.2020 - negative tests no longer reported', 'Staff Tested': '', 'Staff Tested Positive': '', 'Date': '2020-06-17', 'Canonical Facility Name': 'Willard-Cybulski Correctional Institution', 'Compilation': 'Recidiviz,covidprisondata.com', 'Pop Tested Positive': 82.0}"
Wallace Pack Unit,Texas,48,"{'Pop Recovered': 183.0, 'Pop Deaths': '', 'Source': '', 'Staff Recovered': 5.0, 'Staff Tested Negative': '', 'Staff Deaths': '', 'Pop Tested Negative': '', 'Pop Tested': '', 'Facility Type': 'State Prisons', 'State': 'Texas', 'Notes': '', 'Staff Tested': '', 'Staff Tested Positive': 29.0, 'Date': '2020-06-17', 'Canonical Facility Name': 'Wallace Pack Unit', 'Compilation': 'covidprisondata.com', 'Pop Tested Positive': 210.0}"
St Louis Correctional Facility,Michigan,26,"{'Pop Recovered': '', 'Pop Deaths': 0.0, 'Source': '', 'Staff Recovered': '', 'Staff Tested Negative': '', 'Staff Deaths': '', 'Pop Tested Negative': 1138.0, 'Pop Tested': 1138.0, 'Facility Type': 'State Prisons', 'State': 'Michigan', 'Notes': '', 'Staff Tested': '', 'Staff Tested Positive': '', 'Date': '2020-06-17', 'Canonical Facility Name': 'St. Louis Correctional Facility', 'Compilation': 'covidprisondata.com', 'Pop Tested Positive': 0.0}"
Ellis Unit,Texas,48,"{'Pop Recovered': 328.0, 'Pop Deaths': '', 'Source': '', 'Staff Recovered': 37.0, 'Staff Tested Negative': '', 'Staff Deaths': '', 'Pop Tested Negative': '', 'Pop Tested': '', 'Facility Type': 'State Prisons', 'State': 'Texas', 'Notes': '', 'Staff Tested': '', 'Staff Tested Positive': 47.0, 'Date': '2020-06-17', 'Canonical Facility Name': 'Ellis Unit', 'Compilation': 'covidprisondata.com', 'Pop Tested Positive': 328.0}"
Duane Waters Health Center,Michigan,26,"{'Pop Recovered': '', 'Pop Deaths': 2.0, 'Source': '', 'Staff Recovered': '', 'Staff Tested Negative': '', 'Staff Deaths': '', 'Pop Tested Negative': 179.0, 'Pop Tested': 298.0, 'Facility Type': 'State Prisons', 'State': 'Michigan', 'Notes': '', 'Staff Tested': '', 'Staff Tested Positive': '', 'Date': '2020-06-17', 'Canonical Facility Name': 'Duane Waters Health Center', 'Compilation': 'covidprisondata.com', 'Pop Tested Positive': 69.0}"
Missoula Assessment and Sanction Center,Montana,30,"{'Pop Recovered': '', 'Pop Deaths': '', 'Source': '', 'Staff Recovered': '', 'Staff Tested Negative': '', 'Staff Deaths': '', 'Pop Tested Negative': '', 'Pop Tested': 0.0, 'Facility Type': 'State Prisons', 'State': 'Montana', 'Notes': '', 'Staff Tested': 0.0, 'Staff Tested Positive': 0.0, 'Date': '2020-06-17', 'Canonical Facility Name': 'Missoula Assessment and Sanction Center', 'Compilation': 'covidprisondata.com', 'Pop Tested Positive': 0.0}"
Nexus Meth Treatment Center,Montana,30,"{'Pop Recovered': '', 'Pop Deaths': '', 'Source': '', 'Staff Recovered': '', 'Staff Tested Negative': '', 'Staff Deaths': '', 'Pop Tested Negative': '', 'Pop Tested': 3.0, 'Facility Type': 'State Prisons', 'State': 'Montana', 'Notes': '', 'Staff Tested': 0.0, 'Staff Tested Positive': 0.0, 'Date': '2020-06-17', 'Canonical Facility Name': 'Nexus Meth Treatment Center', 'Compilation': 'covidprisondata.com', 'Pop Tested Positive': 0.0}"
California Mens Colony CMC,California,06,"{'Pop Recovered': 10.0, 'Pop Deaths': 0.0, 'Source': '', 'Staff Recovered': 0.0, 'Staff Tested Negative': '', 'Staff Deaths': '', 'Pop Tested Negative': '', 'Pop Tested': '', 'Facility Type': 'State Prisons', 'State': 'California', 'Notes': '', 'Staff Tested': '', 'Staff Tested Positive': 3.0, 'Date': '2020-06-17', 'Canonical Facility Name': ""California Men's Colony (CMC)"", 'Compilation': 'covidprisondata.com', 'Pop Tested Positive': 11.0}"
John B Connally Unit,Texas,48,"{'Pop Recovered': 0.0, 'Pop Deaths': '', 'Source': '', 'Staff Recovered': 1.0, 'Staff Tested Negative': '', 'Staff Deaths': '', 'Pop Tested Negative': '', 'Pop Tested': '', 'Facility Type': 'State Prisons', 'State': 'Texas', 'Notes': '', 'Staff Tested': '', 'Staff Tested Positive': 1.0, 'Date': '2020-06-17', 'Canonical Facility Name': 'John B. Connally Unit', 'Compilation': 'covidprisondata.com', 'Pop Tested Positive': 3.0}"
Womens Community Correctional Center  Kailua WCCC,Hawaii,15,"{'Pop Recovered': '', 'Pop Deaths': '', 'Source': '', 'Staff Recovered': '', 'Staff Tested Negative': '', 'Staff Deaths': '', 'Pop Tested Negative': 1.0, 'Pop Tested': 1.0, 'Facility Type': 'State Prisons', 'State': 'Hawaii', 'Notes': '', 'Staff Tested': '', 'Staff Tested Positive': '', 'Date': '2020-06-17', 'Canonical Facility Name': ""Women's Community Correctional Center \xe2\x80\x93 Kailua (WCCC)"", 'Compilation': 'covidprisondata.com', 'Pop Tested Positive': 0.0}"
Joe Ney State Jail,Texas,48,"{'Pop Recovered': 177.0, 'Pop Deaths': '', 'Source': '', 'Staff Recovered': 6.0, 'Staff Tested Negative': '', 'Staff Deaths': '', 'Pop Tested Negative': '', 'Pop Tested': '', 'Facility Type': 'State Prisons', 'State': 'Texas', 'Notes': '', 'Staff Tested': '', 'Staff Tested Positive': 8.0, 'Date': '2020-06-17', 'Canonical Facility Name': 'Joe Ney State Jail', 'Compilation': 'covidprisondata.com', 'Pop Tested Positive': 177.0}"
Georgia Diagnostic and Classification State Prison,Georgia,13,"{'Pop Recovered': 57.0, 'Pop Deaths': 4.0, 'Source': '', 'Staff Recovered': 15.0, 'Staff Tested Negative': '', 'Staff Deaths': 0.0, 'Pop Tested Negative': '', 'Pop Tested': '', 'Facility Type': 'State Prisons', 'State': 'Georgia', 'Notes': '', 'Staff Tested': '', 'Staff Tested Positive': 22.0, 'Date': '2020-06-17', 'Canonical Facility Name': 'Georgia Diagnostic and Classification State Prison', 'Compilation': 'covidprisondata.com', 'Pop Tested Positive': 71.0}"
Chain OLakes Correctional Facility,Indiana,18,"{'Pop Recovered': 0.0, 'Pop Deaths': 0.0, 'Source': '', 'Staff Recovered': 0.0, 'Staff Tested Negative': '', 'Staff Deaths': 0.0, 'Pop Tested Negative': '', 'Pop Tested': 0.0, 'Facility Type': 'State Prisons', 'State': 'Indiana', 'Notes': '', 'Staff Tested': 0.0, 'Staff Tested Positive': 0.0, 'Date': '2020-06-17', 'Canonical Facility Name': ""Chain O'Lakes Correctional Facility"", 'Compilation': 'covidprisondata.com', 'Pop Tested Positive': 0.0}"
Clyde M Johnston Unit,Texas,48,"{'Pop Recovered': 2.0, 'Pop Deaths': '', 'Source': '', 'Staff Recovered': 0.0, 'Staff Tested Negative': '', 'Staff Deaths': '', 'Pop Tested Negative': '', 'Pop Tested': '', 'Facility Type': 'State Prisons', 'State': 'Texas', 'Notes': '', 'Staff Tested': '', 'Staff Tested Positive': 0.0, 'Date': '2020-06-17', 'Canonical Facility Name': 'Clyde M. Johnston Unit', 'Compilation': 'covidprisondata.com', 'Pop Tested Positive': 2.0}"
Lee Arrendale State Prison,Georgia,13,"{'Pop Recovered': 2.0, 'Pop Deaths': 0.0, 'Source': '', 'Staff Recovered': 1.0, 'Staff Tested Negative': '', 'Staff Deaths': 0.0, 'Pop Tested Negative': '', 'Pop Tested': '', 'Facility Type': 'State Prisons', 'State': 'Georgia', 'Notes': '', 'Staff Tested': '', 'Staff Tested Positive': 5.0, 'Date': '2020-06-17', 'Canonical Facility Name': 'Lee Arrendale State Prison', 'Compilation': 'covidprisondata.com', 'Pop Tested Positive': 4.0}"
Clarence N Stevenson Unit,Texas,48,"{'Pop Recovered': 0.0, 'Pop Deaths': '', 'Source': '', 'Staff Recovered': 0.0, 'Staff Tested Negative': '', 'Staff Deaths': '', 'Pop Tested Negative': '', 'Pop Tested': '', 'Facility Type': 'State Prisons', 'State': 'Texas', 'Notes': '', 'Staff Tested': '', 'Staff Tested Positive': 0.0, 'Date': '2020-06-17', 'Canonical Facility Name': 'Clarence N. Stevenson Unit', 'Compilation': 'covidprisondata.com', 'Pop Tested Positive': 0.0}"
Rufe Jordan Unit,Texas,48,"{'Pop Recovered': 6.0, 'Pop Deaths': '', 'Source': '', 'Staff Recovered': 15.0, 'Staff Tested Negative': '', 'Staff Deaths': '', 'Pop Tested Negative': '', 'Pop Tested': '', 'Facility Type': 'State Prisons', 'State': 'Texas', 'Notes': '', 'Staff Tested': '', 'Staff Tested Positive': 20.0, 'Date': '2020-06-17', 'Canonical Facility Name': 'Rufe Jordan Unit', 'Compilation': 'covidprisondata.com', 'Pop Tested Positive': 13.0}"
Edgecombe Correctional Facility,New York,36,"{'Pop Recovered': 0.0, 'Pop Deaths': 0.0, 'Source': '', 'Staff Recovered': '', 'Staff Tested Negative': '', 'Staff Deaths': '', 'Pop Tested Negative': 0.0, 'Pop Tested': 0.0, 'Facility Type': 'State Prisons', 'State': 'New York', 'Notes': '', 'Staff Tested': '', 'Staff Tested Positive': '', 'Date': '2020-06-17', 'Canonical Facility Name': 'Edgecombe Correctional Facility', 'Compilation': 'covidprisondata.com', 'Pop Tested Positive': 0.0}"
LV Hightower Unit,Texas,48,"{'Pop Recovered': 0.0, 'Pop Deaths': '', 'Source': '', 'Staff Recovered': 1.0, 'Staff Tested Negative': '', 'Staff Deaths': '', 'Pop Tested Negative': '', 'Pop Tested': '', 'Facility Type': 'State Prisons', 'State': 'Texas', 'Notes': '', 'Staff Tested': '', 'Staff Tested Positive': 1.0, 'Date': '2020-06-17', 'Canonical Facility Name': 'L.V. Hightower Unit', 'Compilation': 'covidprisondata.com', 'Pop Tested Positive': 0.0}"
Stateville NRC,Illinois,17,"{'Pop Recovered': 1.0, 'Pop Deaths': '', 'Source': '', 'Staff Recovered': 32.0, 'Staff Tested Negative': '', 'Staff Deaths': '', 'Pop Tested Negative': '', 'Pop Tested': '', 'Facility Type': 'State Prisons', 'State': 'Illinois', 'Notes': '', 'Staff Tested': '', 'Staff Tested Positive': 37.0, 'Date': '2020-06-17', 'Canonical Facility Name': 'Stateville NRC', 'Compilation': 'covidprisondata.com', 'Pop Tested Positive': 1.0}"
Tulia Unit,Texas,48,"{'Pop Recovered': 0.0, 'Pop Deaths': '', 'Source': '', 'Staff Recovered': 1.0, 'Staff Tested Negative': '', 'Staff Deaths': '', 'Pop Tested Negative': '', 'Pop Tested': '', 'Facility Type': 'State Prisons', 'State': 'Texas', 'Notes': '', 'Staff Tested': '', 'Staff Tested Positive': 1.0, 'Date': '2020-06-17', 'Canonical Facility Name': 'Tulia Unit', 'Compilation': 'covidprisondata.com', 'Pop Tested Positive': 0.0}"
Pam Lychner State Jail,Texas,48,"{'Pop Recovered': 1.0, 'Pop Deaths': '', 'Source': '', 'Staff Recovered': 2.0, 'Staff Tested Negative': '', 'Staff Deaths': '', 'Pop Tested Negative': '', 'Pop Tested': '', 'Facility Type': 'State Prisons', 'State': 'Texas', 'Notes': '', 'Staff Tested': '', 'Staff Tested Positive': 3.0, 'Date': '2020-06-17', 'Canonical Facility Name': 'Pam Lychner State Jail', 'Compilation': 'covidprisondata.com', 'Pop Tested Positive': 1.0}"
John W Middleton Unit,Texas,48,"{'Pop Recovered': 67.0, 'Pop Deaths': '', 'Source': '', 'Staff Recovered': 9.0, 'Staff Tested Negative': '', 'Staff Deaths': '', 'Pop Tested Negative': '', 'Pop Tested': '', 'Facility Type': 'State Prisons', 'State': 'Texas', 'Notes': '', 'Staff Tested': '', 'Staff Tested Positive': 15.0, 'Date': '2020-06-17', 'Canonical Facility Name': 'John W. Middleton Unit', 'Compilation': 'covidprisondata.com', 'Pop Tested Positive': 400.0}"
OH Close Youth Correctional Facility,California,06,"{'Pop Recovered': '', 'Pop Deaths': '', 'Source': '', 'Staff Recovered': 1.0, 'Staff Tested Negative': '', 'Staff Deaths': '', 'Pop Tested Negative': '', 'Pop Tested': '', 'Facility Type': 'State Prisons', 'State': 'California', 'Notes': '', 'Staff Tested': '', 'Staff Tested Positive': 1.0, 'Date': '2020-06-17', 'Canonical Facility Name': 'OH Close Youth Correctional Facility', 'Compilation': 'covidprisondata.com', 'Pop Tested Positive': ''}"
CDCRCCHCS Worksite Location  Sacramento County,California,06,"{'Pop Recovered': '', 'Pop Deaths': '', 'Source': '', 'Staff Recovered': 4.0, 'Staff Tested Negative': '', 'Staff Deaths': '', 'Pop Tested Negative': '', 'Pop Tested': '', 'Facility Type': 'State Prisons', 'State': 'California', 'Notes': '', 'Staff Tested': '', 'Staff Tested Positive': 6.0, 'Date': '2020-06-17', 'Canonical Facility Name': 'CDCR/CCHCS Worksite Location - Sacramento County', 'Compilation': 'covidprisondata.com', 'Pop Tested Positive': ''}"
Ferguson Unit,Texas,48,"{'Pop Recovered': 6.0, 'Pop Deaths': '', 'Source': '', 'Staff Recovered': 2.0, 'Staff Tested Negative': '', 'Staff Deaths': '', 'Pop Tested Negative': '', 'Pop Tested': '', 'Facility Type': 'State Prisons', 'State': 'Texas', 'Notes': '', 'Staff Tested': '', 'Staff Tested Positive': 2.0, 'Date': '2020-06-17', 'Canonical Facility Name': 'Ferguson Unit', 'Compilation': 'covidprisondata.com', 'Pop Tested Positive': 6.0}"
Indiana Womens Prison,Indiana,18,"{'Pop Recovered': 25.0, 'Pop Deaths': 0.0, 'Source': 'https://www.in.gov/idoc/3780.htm', 'Staff Recovered': 12.0, 'Staff Tested Negative': '', 'Staff Deaths': 1.0, 'Pop Tested Negative': '', 'Pop Tested': 62.0, 'Facility Type': 'State Prisons', 'State': 'Indiana', 'Notes': '', 'Staff Tested': 42.0, 'Staff Tested Positive': 14.0, 'Date': '2020-06-17', 'Canonical Facility Name': ""Indiana Women's Prison"", 'Compilation': 'Recidiviz', 'Pop Tested Positive': 25.0}"
Cotulla Unit,Texas,48,"{'Pop Recovered': 0.0, 'Pop Deaths': '', 'Source': '', 'Staff Recovered': 1.0, 'Staff Tested Negative': '', 'Staff Deaths': '', 'Pop Tested Negative': '', 'Pop Tested': '', 'Facility Type': 'State Prisons', 'State': 'Texas', 'Notes': '', 'Staff Tested': '', 'Staff Tested Positive': 1.0, 'Date': '2020-06-17', 'Canonical Facility Name': 'Cotulla Unit', 'Compilation': 'covidprisondata.com', 'Pop Tested Positive': 0.0}"
Renaldo V Lopez State Jail,Texas,48,"{'Pop Recovered': 7.0, 'Pop Deaths': '', 'Source': '', 'Staff Recovered': 3.0, 'Staff Tested Negative': '', 'Staff Deaths': '', 'Pop Tested Negative': '', 'Pop Tested': '', 'Facility Type': 'State Prisons', 'State': 'Texas', 'Notes': '', 'Staff Tested': '', 'Staff Tested Positive': 5.0, 'Date': '2020-06-17', 'Canonical Facility Name': 'Renaldo V. Lopez State Jail', 'Compilation': 'covidprisondata.com', 'Pop Tested Positive': 7.0}"
Ernestine Glossbrenner Unit,Texas,48,"{'Pop Recovered': 0.0, 'Pop Deaths': '', 'Source': '', 'Staff Recovered': 0.0, 'Staff Tested Negative': '', 'Staff Deaths': '', 'Pop Tested Negative': '', 'Pop Tested': '', 'Facility Type': 'State Prisons', 'State': 'Texas', 'Notes': '', 'Staff Tested': '', 'Staff Tested Positive': 0.0, 'Date': '2020-06-17', 'Canonical Facility Name': 'Ernestine Glossbrenner Unit', 'Compilation': 'covidprisondata.com', 'Pop Tested Positive': 0.0}"
New Hampshire Correctional Facility for Women,New Hampshire,33,"{'Pop Recovered': '', 'Pop Deaths': '', 'Source': '', 'Staff Recovered': '', 'Staff Tested Negative': '', 'Staff Deaths': '', 'Pop Tested Negative': '', 'Pop Tested': 3.0, 'Facility Type': 'State Prisons', 'State': 'New Hampshire', 'Notes': '', 'Staff Tested': '', 'Staff Tested Positive': 1.0, 'Date': '2020-06-17', 'Canonical Facility Name': 'New Hampshire Correctional Facility for Women', 'Compilation': 'covidprisondata.com', 'Pop Tested Positive': 0.0}"
WJ Estelle Unit,Texas,48,"{'Pop Recovered': 397.0, 'Pop Deaths': '', 'Source': '', 'Staff Recovered': 30.0, 'Staff Tested Negative': '', 'Staff Deaths': '', 'Pop Tested Negative': '', 'Pop Tested': '', 'Facility Type': 'State Prisons', 'State': 'Texas', 'Notes': '', 'Staff Tested': '', 'Staff Tested Positive': 33.0, 'Date': '2020-06-17', 'Canonical Facility Name': 'W.J. Estelle Unit', 'Compilation': 'covidprisondata.com', 'Pop Tested Positive': 431.0}"
Terrell Unit,Texas,48,"{'Pop Recovered': 250.0, 'Pop Deaths': '', 'Source': '', 'Staff Recovered': 13.0, 'Staff Tested Negative': '', 'Staff Deaths': '', 'Pop Tested Negative': '', 'Pop Tested': '', 'Facility Type': 'State Prisons', 'State': 'Texas', 'Notes': '', 'Staff Tested': '', 'Staff Tested Positive': 14.0, 'Date': '2020-06-17', 'Canonical Facility Name': 'Terrell Unit', 'Compilation': 'covidprisondata.com', 'Pop Tested Positive': 256.0}"
Diboll Unit,Texas,48,"{'Pop Recovered': 0.0, 'Pop Deaths': '', 'Source': '', 'Staff Recovered': 0.0, 'Staff Tested Negative': '', 'Staff Deaths': '', 'Pop Tested Negative': '', 'Pop Tested': '', 'Facility Type': 'State Prisons', 'State': 'Texas', 'Notes': '', 'Staff Tested': '', 'Staff Tested Positive': 0.0, 'Date': '2020-06-17', 'Canonical Facility Name': 'Diboll Unit', 'Compilation': 'covidprisondata.com', 'Pop Tested Positive': 0.0}"
California Substance Abuse Treatment Facility and State Prison Corcoran SATF,California,06,"{'Pop Recovered': 1.0, 'Pop Deaths': 0.0, 'Source': '', 'Staff Recovered': 5.0, 'Staff Tested Negative': '', 'Staff Deaths': '', 'Pop Tested Negative': '', 'Pop Tested': '', 'Facility Type': 'State Prisons', 'State': 'California', 'Notes': '', 'Staff Tested': '', 'Staff Tested Positive': 10.0, 'Date': '2020-06-17', 'Canonical Facility Name': 'California Substance Abuse Treatment Facility and State Prison, Corcoran (SATF)', 'Compilation': 'covidprisondata.com', 'Pop Tested Positive': 1.0}"
MidState Correctional Facility,New York,36,"{'Pop Recovered': 18.0, 'Pop Deaths': 0.0, 'Source': '', 'Staff Recovered': '', 'Staff Tested Negative': '', 'Staff Deaths': '', 'Pop Tested Negative': 31.0, 'Pop Tested': 54.0, 'Facility Type': 'State Prisons', 'State': 'New York', 'Notes': '', 'Staff Tested': '', 'Staff Tested Positive': '', 'Date': '2020-06-17', 'Canonical Facility Name': 'Mid-State Correctional Facility', 'Compilation': 'covidprisondata.com', 'Pop Tested Positive': 21.0}"
Avery Mitchell Correctional Institution,North Carolina,37,"{'Pop Recovered': '', 'Pop Deaths': '', 'Source': '', 'Staff Recovered': '', 'Staff Tested Negative': '', 'Staff Deaths': '', 'Pop Tested Negative': 4.0, 'Pop Tested': 4.0, 'Facility Type': 'State Prisons', 'State': 'North Carolina', 'Notes': '', 'Staff Tested': '', 'Staff Tested Positive': '', 'Date': '2020-06-17', 'Canonical Facility Name': 'Avery Mitchell Correctional Institution', 'Compilation': 'covidprisondata.com', 'Pop Tested Positive': 0.0}"
Rufus H Duncan Geriatric Facility,Texas,48,"{'Pop Recovered': 1.0, 'Pop Deaths': '', 'Source': '', 'Staff Recovered': 1.0, 'Staff Tested Negative': '', 'Staff Deaths': '', 'Pop Tested Negative': '', 'Pop Tested': '', 'Facility Type': 'State Prisons', 'State': 'Texas', 'Notes': '', 'Staff Tested': '', 'Staff Tested Positive': 22.0, 'Date': '2020-06-17', 'Canonical Facility Name': 'Rufus H. Duncan Geriatric Facility', 'Compilation': 'covidprisondata.com', 'Pop Tested Positive': 198.0}"
Mark W Michael Unit,Texas,48,"{'Pop Recovered': 427.0, 'Pop Deaths': '', 'Source': '', 'Staff Recovered': 49.0, 'Staff Tested Negative': '', 'Staff Deaths': '', 'Pop Tested Negative': '', 'Pop Tested': '', 'Facility Type': 'State Prisons', 'State': 'Texas', 'Notes': '', 'Staff Tested': '', 'Staff Tested Positive': 63.0, 'Date': '2020-06-17', 'Canonical Facility Name': 'Mark W. Michael Unit', 'Compilation': 'covidprisondata.com', 'Pop Tested Positive': 431.0}"
Stafford Mens CCAP,Virginia,51,"{'Pop Recovered': '', 'Pop Deaths': 0.0, 'Source': '', 'Staff Recovered': '', 'Staff Tested Negative': '', 'Staff Deaths': '', 'Pop Tested Negative': '', 'Pop Tested': '', 'Facility Type': 'State Prisons', 'State': 'Virginia', 'Notes': '', 'Staff Tested': '', 'Staff Tested Positive': 0.0, 'Date': '2020-06-17', 'Canonical Facility Name': ""Stafford Men's CCAP"", 'Compilation': 'covidprisondata.com', 'Pop Tested Positive': 0.0}"
Womens Prison,Montana,30,"{'Pop Recovered': '', 'Pop Deaths': '', 'Source': '', 'Staff Recovered': '', 'Staff Tested Negative': '', 'Staff Deaths': '', 'Pop Tested Negative': '', 'Pop Tested': 194.0, 'Facility Type': 'State Prisons', 'State': 'Montana', 'Notes': '', 'Staff Tested': 93.0, 'Staff Tested Positive': 0.0, 'Date': '2020-06-17', 'Canonical Facility Name': ""Women's Prison"", 'Compilation': 'covidprisondata.com', 'Pop Tested Positive': 1.0}"
Stringfellow Unit,Texas,48,"{'Pop Recovered': 67.0, 'Pop Deaths': '', 'Source': '', 'Staff Recovered': 6.0, 'Staff Tested Negative': '', 'Staff Deaths': '', 'Pop Tested Negative': '', 'Pop Tested': '', 'Facility Type': 'State Prisons', 'State': 'Texas', 'Notes': '', 'Staff Tested': '', 'Staff Tested Positive': 14.0, 'Date': '2020-06-17', 'Canonical Facility Name': 'Stringfellow Unit', 'Compilation': 'covidprisondata.com', 'Pop Tested Positive': 70.0}"
Missoula Prerelease Center  Missoula,Montana,30,"{'Pop Recovered': '', 'Pop Deaths': '', 'Source': '', 'Staff Recovered': '', 'Staff Tested Negative': '', 'Staff Deaths': '', 'Pop Tested Negative': '', 'Pop Tested': 6.0, 'Facility Type': 'State Prisons', 'State': 'Montana', 'Notes': '', 'Staff Tested': 0.0, 'Staff Tested Positive': 0.0, 'Date': '2020-06-17', 'Canonical Facility Name': 'Missoula Prerelease Center - Missoula', 'Compilation': 'covidprisondata.com', 'Pop Tested Positive': 0.0}"
Clemens Unit,Texas,48,"{'Pop Recovered': 13.0, 'Pop Deaths': '', 'Source': '', 'Staff Recovered': 14.0, 'Staff Tested Negative': '', 'Staff Deaths': '', 'Pop Tested Negative': '', 'Pop Tested': '', 'Facility Type': 'State Prisons', 'State': 'Texas', 'Notes': '', 'Staff Tested': '', 'Staff Tested Positive': 21.0, 'Date': '2020-06-17', 'Canonical Facility Name': 'Clemens Unit', 'Compilation': 'covidprisondata.com', 'Pop Tested Positive': 28.0}"
Metro Reentry Facility,Georgia,13,"{'Pop Recovered': 2.0, 'Pop Deaths': 0.0, 'Source': '', 'Staff Recovered': 6.0, 'Staff Tested Negative': '', 'Staff Deaths': 0.0, 'Pop Tested Negative': '', 'Pop Tested': '', 'Facility Type': 'State Prisons', 'State': 'Georgia', 'Notes': '', 'Staff Tested': '', 'Staff Tested Positive': 9.0, 'Date': '2020-06-17', 'Canonical Facility Name': 'Metro Reentry Facility', 'Compilation': 'covidprisondata.com', 'Pop Tested Positive': 2.0}"
Logansport Intake Facility LCU,Indiana,18,"{'Pop Recovered': '', 'Pop Deaths': 0.0, 'Source': 'https://www.in.gov/idoc/3780.htm', 'Staff Recovered': '', 'Staff Tested Negative': '', 'Staff Deaths': 0.0, 'Pop Tested Negative': '', 'Pop Tested': 2.0, 'Facility Type': 'State Prisons', 'State': 'Indiana', 'Notes': 'Not on Update List since  5.20', 'Staff Tested': 0.0, 'Staff Tested Positive': 0.0, 'Date': '2020-06-17', 'Canonical Facility Name': 'Logansport Intake Facility (LCU)', 'Compilation': 'Recidiviz', 'Pop Tested Positive': 0.0}"
Dalhart Unit,Texas,48,"{'Pop Recovered': 0.0, 'Pop Deaths': '', 'Source': '', 'Staff Recovered': 1.0, 'Staff Tested Negative': '', 'Staff Deaths': '', 'Pop Tested Negative': '', 'Pop Tested': '', 'Facility Type': 'State Prisons', 'State': 'Texas', 'Notes': '', 'Staff Tested': '', 'Staff Tested Positive': 1.0, 'Date': '2020-06-17', 'Canonical Facility Name': 'Dalhart Unit', 'Compilation': 'covidprisondata.com', 'Pop Tested Positive': 0.0}"
Thomas Havins Unit,Texas,48,"{'Pop Recovered': 0.0, 'Pop Deaths': '', 'Source': '', 'Staff Recovered': 0.0, 'Staff Tested Negative': '', 'Staff Deaths': '', 'Pop Tested Negative': '', 'Pop Tested': '', 'Facility Type': 'State Prisons', 'State': 'Texas', 'Notes': '', 'Staff Tested': '', 'Staff Tested Positive': 0.0, 'Date': '2020-06-17', 'Canonical Facility Name': 'Thomas Havins Unit', 'Compilation': 'covidprisondata.com', 'Pop Tested Positive': 0.0}"
CCP West and WATCh West  Warm Springs,Montana,30,"{'Pop Recovered': '', 'Pop Deaths': '', 'Source': '', 'Staff Recovered': '', 'Staff Tested Negative': '', 'Staff Deaths': '', 'Pop Tested Negative': '', 'Pop Tested': 0.0, 'Facility Type': 'State Prisons', 'State': 'Montana', 'Notes': '', 'Staff Tested': 0.0, 'Staff Tested Positive': 0.0, 'Date': '2020-06-17', 'Canonical Facility Name': 'CCP West and WATCh West - Warm Springs', 'Compilation': 'covidprisondata.com', 'Pop Tested Positive': 0.0}"
Mount Olive Correctional Complex,West Virginia,54,"{'Pop Recovered': 0.0, 'Pop Deaths': '', 'Source': '', 'Staff Recovered': '', 'Staff Tested Negative': '', 'Staff Deaths': '', 'Pop Tested Negative': 1026.0, 'Pop Tested': 1043.0, 'Facility Type': 'State Prisons', 'State': 'West Virginia', 'Notes': '', 'Staff Tested': '', 'Staff Tested Positive': '', 'Date': '2020-06-17', 'Canonical Facility Name': 'Mount Olive Correctional Complex', 'Compilation': 'covidprisondata.com', 'Pop Tested Positive': 0.0}"
OL Luther Unit,Texas,48,"{'Pop Recovered': 0.0, 'Pop Deaths': '', 'Source': '', 'Staff Recovered': 1.0, 'Staff Tested Negative': '', 'Staff Deaths': '', 'Pop Tested Negative': '', 'Pop Tested': '', 'Facility Type': 'State Prisons', 'State': 'Texas', 'Notes': '', 'Staff Tested': '', 'Staff Tested Positive': 2.0, 'Date': '2020-06-17', 'Canonical Facility Name': 'O.L. Luther Unit', 'Compilation': 'covidprisondata.com', 'Pop Tested Positive': 0.0}"
MacDougallWalker Correctional Institution,Connecticut,09,"{'Pop Recovered': 8.0, 'Pop Deaths': '', 'Source': 'https://portal.ct.gov/DOC/Common-Elements/Common-Elements/Health-Information-and-Advisories', 'Staff Recovered': '', 'Staff Tested Negative': '', 'Staff Deaths': '', 'Pop Tested Negative': 11.0, 'Pop Tested': '', 'Facility Type': 'State Prisons', 'State': 'Connecticut', 'Notes': 'Updated 6.16.2020 - negative tests no longer reported', 'Staff Tested': '', 'Staff Tested Positive': '', 'Date': '2020-06-17', 'Canonical Facility Name': 'MacDougall-Walker Correctional Institution', 'Compilation': 'Recidiviz,covidprisondata.com', 'Pop Tested Positive': 4.0}"
Eastham Unit,Texas,48,"{'Pop Recovered': 93.0, 'Pop Deaths': '', 'Source': '', 'Staff Recovered': 19.0, 'Staff Tested Negative': '', 'Staff Deaths': '', 'Pop Tested Negative': '', 'Pop Tested': '', 'Facility Type': 'State Prisons', 'State': 'Texas', 'Notes': '', 'Staff Tested': '', 'Staff Tested Positive': 21.0, 'Date': '2020-06-17', 'Canonical Facility Name': 'Eastham Unit', 'Compilation': 'covidprisondata.com', 'Pop Tested Positive': 104.0}"
Rogelio Sanchez State Jail,Texas,48,"{'Pop Recovered': 273.0, 'Pop Deaths': '', 'Source': '', 'Staff Recovered': 21.0, 'Staff Tested Negative': '', 'Staff Deaths': '', 'Pop Tested Negative': '', 'Pop Tested': '', 'Facility Type': 'State Prisons', 'State': 'Texas', 'Notes': '', 'Staff Tested': '', 'Staff Tested Positive': 27.0, 'Date': '2020-06-17', 'Canonical Facility Name': 'Rogelio Sanchez State Jail', 'Compilation': 'covidprisondata.com', 'Pop Tested Positive': 273.0}"
Fabian Dale Dominguez State Jail,Texas,48,"{'Pop Recovered': 1.0, 'Pop Deaths': '', 'Source': '', 'Staff Recovered': 0.0, 'Staff Tested Negative': '', 'Staff Deaths': '', 'Pop Tested Negative': '', 'Pop Tested': '', 'Facility Type': 'State Prisons', 'State': 'Texas', 'Notes': '', 'Staff Tested': '', 'Staff Tested Positive': 0.0, 'Date': '2020-06-17', 'Canonical Facility Name': 'Fabian Dale Dominguez State Jail', 'Compilation': 'covidprisondata.com', 'Pop Tested Positive': 3.0}"
Thomas Goree Unit,Texas,48,"{'Pop Recovered': 46.0, 'Pop Deaths': '', 'Source': '', 'Staff Recovered': 6.0, 'Staff Tested Negative': '', 'Staff Deaths': '', 'Pop Tested Negative': '', 'Pop Tested': '', 'Facility Type': 'State Prisons', 'State': 'Texas', 'Notes': '', 'Staff Tested': '', 'Staff Tested Positive': 10.0, 'Date': '2020-06-17', 'Canonical Facility Name': 'Thomas Goree Unit', 'Compilation': 'covidprisondata.com', 'Pop Tested Positive': 47.0}"
Steven Floyd Training Academy,Delaware,10,"{'Pop Recovered': '', 'Pop Deaths': '', 'Source': '', 'Staff Recovered': '', 'Staff Tested Negative': '', 'Staff Deaths': '', 'Pop Tested Negative': '', 'Pop Tested': '', 'Facility Type': 'State Prisons', 'State': 'Delaware', 'Notes': '', 'Staff Tested': '', 'Staff Tested Positive': 0.0, 'Date': '2020-06-17', 'Canonical Facility Name': 'Steven Floyd Training Academy', 'Compilation': 'covidprisondata.com', 'Pop Tested Positive': 0.0}"
George Beto Unit,Texas,48,"{'Pop Recovered': 293.0, 'Pop Deaths': '', 'Source': '', 'Staff Recovered': 49.0, 'Staff Tested Negative': '', 'Staff Deaths': '', 'Pop Tested Negative': '', 'Pop Tested': '', 'Facility Type': 'State Prisons', 'State': 'Texas', 'Notes': '', 'Staff Tested': '', 'Staff Tested Positive': 56.0, 'Date': '2020-06-17', 'Canonical Facility Name': 'George Beto Unit', 'Compilation': 'covidprisondata.com', 'Pop Tested Positive': 303.0}"
Jerry H Hodge Unit,Texas,48,"{'Pop Recovered': 0.0, 'Pop Deaths': '', 'Source': '', 'Staff Recovered': 0.0, 'Staff Tested Negative': '', 'Staff Deaths': '', 'Pop Tested Negative': '', 'Pop Tested': '', 'Facility Type': 'State Prisons', 'State': 'Texas', 'Notes': '', 'Staff Tested': '', 'Staff Tested Positive': 0.0, 'Date': '2020-06-17', 'Canonical Facility Name': 'Jerry H. Hodge Unit', 'Compilation': 'covidprisondata.com', 'Pop Tested Positive': 1.0}"
Georgetown Administrative Services,Delaware,10,"{'Pop Recovered': '', 'Pop Deaths': '', 'Source': '', 'Staff Recovered': '', 'Staff Tested Negative': '', 'Staff Deaths': '', 'Pop Tested Negative': '', 'Pop Tested': '', 'Facility Type': 'State Prisons', 'State': 'Delaware', 'Notes': '', 'Staff Tested': '', 'Staff Tested Positive': 0.0, 'Date': '2020-06-17', 'Canonical Facility Name': 'Georgetown Administrative Services', 'Compilation': 'covidprisondata.com', 'Pop Tested Positive': 0.0}"
Dr Lane Murray Unit,Texas,48,"{'Pop Recovered': 140.0, 'Pop Deaths': '', 'Source': '', 'Staff Recovered': 20.0, 'Staff Tested Negative': '', 'Staff Deaths': '', 'Pop Tested Negative': '', 'Pop Tested': '', 'Facility Type': 'State Prisons', 'State': 'Texas', 'Notes': '', 'Staff Tested': '', 'Staff Tested Positive': 27.0, 'Date': '2020-06-17', 'Canonical Facility Name': 'Dr. Lane Murray Unit', 'Compilation': 'covidprisondata.com', 'Pop Tested Positive': 140.0}"
Ramsey Unit,Texas,48,"{'Pop Recovered': 42.0, 'Pop Deaths': '', 'Source': '', 'Staff Recovered': 5.0, 'Staff Tested Negative': '', 'Staff Deaths': '', 'Pop Tested Negative': '', 'Pop Tested': '', 'Facility Type': 'State Prisons', 'State': 'Texas', 'Notes': '', 'Staff Tested': '', 'Staff Tested Positive': 12.0, 'Date': '2020-06-17', 'Canonical Facility Name': 'Ramsey Unit', 'Compilation': 'covidprisondata.com', 'Pop Tested Positive': 62.0}"
CorriganRadgowski Correctional Center,Connecticut,09,"{'Pop Recovered': 198.0, 'Pop Deaths': '', 'Source': 'https://portal.ct.gov/DOC/Common-Elements/Common-Elements/Health-Information-and-Advisories', 'Staff Recovered': '', 'Staff Tested Negative': '', 'Staff Deaths': '', 'Pop Tested Negative': 35.0, 'Pop Tested': '', 'Facility Type': 'State Prisons', 'State': 'Connecticut', 'Notes': 'Updated 6.16.2020 - negative tests no longer reported', 'Staff Tested': '', 'Staff Tested Positive': '', 'Date': '2020-06-17', 'Canonical Facility Name': 'Corrigan-Radgowski Correctional Center', 'Compilation': 'Recidiviz,covidprisondata.com', 'Pop Tested Positive': 246.0}"
Wynne Unit,Texas,48,"{'Pop Recovered': 306.0, 'Pop Deaths': '', 'Source': '', 'Staff Recovered': 65.0, 'Staff Tested Negative': '', 'Staff Deaths': '', 'Pop Tested Negative': '', 'Pop Tested': '', 'Facility Type': 'State Prisons', 'State': 'Texas', 'Notes': '', 'Staff Tested': '', 'Staff Tested Positive': 75.0, 'Date': '2020-06-17', 'Canonical Facility Name': 'Wynne Unit', 'Compilation': 'covidprisondata.com', 'Pop Tested Positive': 309.0}"
William P Bill Clements Unit,Texas,48,"{'Pop Recovered': 53.0, 'Pop Deaths': '', 'Source': '', 'Staff Recovered': 66.0, 'Staff Tested Negative': '', 'Staff Deaths': '', 'Pop Tested Negative': '', 'Pop Tested': '', 'Facility Type': 'State Prisons', 'State': 'Texas', 'Notes': '', 'Staff Tested': '', 'Staff Tested Positive': 87.0, 'Date': '2020-06-17', 'Canonical Facility Name': 'William P. ""Bill"" Clements Unit', 'Compilation': 'covidprisondata.com', 'Pop Tested Positive': 373.0}"
ADOC Training Academy,Alabama,01,"{'Pop Recovered': '', 'Pop Deaths': '', 'Source': '', 'Staff Recovered': '', 'Staff Tested Negative': '', 'Staff Deaths': '', 'Pop Tested Negative': '', 'Pop Tested': '', 'Facility Type': 'Employee Facility', 'State': 'Alabama', 'Notes': '', 'Staff Tested': '', 'Staff Tested Positive': 1.0, 'Date': '2020-06-17', 'Canonical Facility Name': 'ADOC Training Academy', 'Compilation': 'covidprisondata.com', 'Pop Tested Positive': 0.0}"
Bullock Work Release Center,Alabama,01,"{'Pop Recovered': '', 'Pop Deaths': '', 'Source': '', 'Staff Recovered': '', 'Staff Tested Negative': '', 'Staff Deaths': '', 'Pop Tested Negative': '', 'Pop Tested': '', 'Facility Type': 'State Prisons', 'State': 'Alabama', 'Notes': '', 'Staff Tested': '', 'Staff Tested Positive': 6.0, 'Date': '2020-06-17', 'Canonical Facility Name': 'Bullock Work Release Center', 'Compilation': 'covidprisondata.com', 'Pop Tested Positive': 1.0}"
Manning Correctional Institution,South Carolina,45,"{'Pop Recovered': 0.0, 'Pop Deaths': '', 'Source': '', 'Staff Recovered': 1.0, 'Staff Tested Negative': '', 'Staff Deaths': '', 'Pop Tested Negative': '', 'Pop Tested': '', 'Facility Type': 'State Prisons', 'State': 'South Carolina', 'Notes': '', 'Staff Tested': '', 'Staff Tested Positive': 1.0, 'Date': '2020-06-17', 'Canonical Facility Name': 'Manning Correctional Institution', 'Compilation': 'covidprisondata.com', 'Pop Tested Positive': 0.0}"
Anson Correctional Institution,North Carolina,37,"{'Pop Recovered': '', 'Pop Deaths': '', 'Source': '', 'Staff Recovered': '', 'Staff Tested Negative': '', 'Staff Deaths': '', 'Pop Tested Negative': 3.0, 'Pop Tested': 3.0, 'Facility Type': 'State Prisons', 'State': 'North Carolina', 'Notes': '', 'Staff Tested': '', 'Staff Tested Positive': '', 'Date': '2020-06-17', 'Canonical Facility Name': 'Anson Correctional Institution', 'Compilation': 'covidprisondata.com', 'Pop Tested Positive': 0.0}"
Nathaniel J Neal Unit,Texas,48,"{'Pop Recovered': 0.0, 'Pop Deaths': '', 'Source': '', 'Staff Recovered': 0.0, 'Staff Tested Negative': '', 'Staff Deaths': '', 'Pop Tested Negative': '', 'Pop Tested': '', 'Facility Type': 'State Prisons', 'State': 'Texas', 'Notes': '', 'Staff Tested': '', 'Staff Tested Positive': 2.0, 'Date': '2020-06-17', 'Canonical Facility Name': 'Nathaniel J. Neal Unit', 'Compilation': 'covidprisondata.com', 'Pop Tested Positive': 0.0}"
Eastern PreRelease Unit,Maryland,24,"{'Pop Recovered': 0.0, 'Pop Deaths': '', 'Source': 'https://news.maryland.gov/dpscs/covid-19/', 'Staff Recovered': 0.0, 'Staff Tested Negative': '', 'Staff Deaths': '', 'Pop Tested Negative': '', 'Pop Tested': 57.0, 'Facility Type': 'State Prisons', 'State': 'Maryland', 'Notes': 'Last Update 6.15', 'Staff Tested': 3.0, 'Staff Tested Positive': 0.0, 'Date': '2020-06-17', 'Canonical Facility Name': 'Eastern Pre-Release Unit', 'Compilation': 'Recidiviz,covidprisondata.com', 'Pop Tested Positive': ''}"
Maryland Reception Diagnostics and Classification Center,Maryland,24,"{'Pop Recovered': 2.0, 'Pop Deaths': '', 'Source': 'https://news.maryland.gov/dpscs/covid-19/', 'Staff Recovered': 20.0, 'Staff Tested Negative': '', 'Staff Deaths': '', 'Pop Tested Negative': '', 'Pop Tested': 4.0, 'Facility Type': 'State Prisons', 'State': 'Maryland', 'Notes': 'Last Update 6.15', 'Staff Tested': 203.0, 'Staff Tested Positive': 32.0, 'Date': '2020-06-17', 'Canonical Facility Name': 'Maryland Reception, Diagnostics and Classification Center', 'Compilation': 'Recidiviz,covidprisondata.com', 'Pop Tested Positive': 3.0}"
SouzaBaranowski Correctional Center,Massachusetts,25,"{'Pop Recovered': '', 'Pop Deaths': '', 'Source': '', 'Staff Recovered': '', 'Staff Tested Negative': '', 'Staff Deaths': '', 'Pop Tested Negative': '', 'Pop Tested': 682.0, 'Facility Type': 'State Prisons', 'State': 'Massachusetts', 'Notes': '', 'Staff Tested': 177.0, 'Staff Tested Positive': 7.0, 'Date': '2020-06-17', 'Canonical Facility Name': 'Souza-Baranowski Correctional Center', 'Compilation': 'covidprisondata.com', 'Pop Tested Positive': 2.0}"
State Farm Correctional Complex,Virginia,51,"{'Pop Recovered': '', 'Pop Deaths': 0.0, 'Source': '', 'Staff Recovered': '', 'Staff Tested Negative': '', 'Staff Deaths': '', 'Pop Tested Negative': '', 'Pop Tested': '', 'Facility Type': 'State Prisons', 'State': 'Virginia', 'Notes': '', 'Staff Tested': '', 'Staff Tested Positive': 16.0, 'Date': '2020-06-17', 'Canonical Facility Name': 'State Farm Correctional Complex', 'Compilation': 'covidprisondata.com', 'Pop Tested Positive': 24.0}"
North Alabama Community Based Facility and Community Work Center,Alabama,01,"{'Pop Recovered': '', 'Pop Deaths': '', 'Source': '', 'Staff Recovered': '', 'Staff Tested Negative': '', 'Staff Deaths': '', 'Pop Tested Negative': '', 'Pop Tested': '', 'Facility Type': 'State Prisons', 'State': 'Alabama', 'Notes': '', 'Staff Tested': '', 'Staff Tested Positive': 0.0, 'Date': '2020-06-17', 'Canonical Facility Name': 'North Alabama Community Based Facility and Community Work Center', 'Compilation': 'covidprisondata.com', 'Pop Tested Positive': 0.0}"
Jamestown Annex,South Dakota,46,"{'Pop Recovered': 2.0, 'Pop Deaths': 0.0, 'Source': '', 'Staff Recovered': 2.0, 'Staff Tested Negative': 17.0, 'Staff Deaths': 0.0, 'Pop Tested Negative': 29.0, 'Pop Tested': '', 'Facility Type': 'State Prisons', 'State': 'South Dakota', 'Notes': '', 'Staff Tested': '', 'Staff Tested Positive': 2.0, 'Date': '2020-06-17', 'Canonical Facility Name': 'Jamestown Annex', 'Compilation': 'covidprisondata.com', 'Pop Tested Positive': 2.0}"
Sanger B Powers Correctional Center,Wisconsin,55,"{'Pop Recovered': '', 'Pop Deaths': '', 'Source': '', 'Staff Recovered': '', 'Staff Tested Negative': '', 'Staff Deaths': '', 'Pop Tested Negative': 126.0, 'Pop Tested': 126.0, 'Facility Type': 'State Prisons', 'State': 'Wisconsin', 'Notes': '', 'Staff Tested': '', 'Staff Tested Positive': '', 'Date': '2020-06-17', 'Canonical Facility Name': 'Sanger B. Powers Correctional Center', 'Compilation': 'covidprisondata.com', 'Pop Tested Positive': 0.0}"
GDCP Special Management Unit,Georgia,13,"{'Pop Recovered': 0.0, 'Pop Deaths': 0.0, 'Source': '', 'Staff Recovered': 1.0, 'Staff Tested Negative': '', 'Staff Deaths': 0.0, 'Pop Tested Negative': '', 'Pop Tested': '', 'Facility Type': 'State Prisons', 'State': 'Georgia', 'Notes': '', 'Staff Tested': '', 'Staff Tested Positive': 1.0, 'Date': '2020-06-17', 'Canonical Facility Name': 'GDCP Special Management Unit', 'Compilation': 'covidprisondata.com', 'Pop Tested Positive': 0.0}"
James V Allred Unit,Texas,48,"{'Pop Recovered': 0.0, 'Pop Deaths': '', 'Source': '', 'Staff Recovered': 0.0, 'Staff Tested Negative': '', 'Staff Deaths': '', 'Pop Tested Negative': '', 'Pop Tested': '', 'Facility Type': 'State Prisons', 'State': 'Texas', 'Notes': '', 'Staff Tested': '', 'Staff Tested Positive': 1.0, 'Date': '2020-06-17', 'Canonical Facility Name': 'James V. Allred Unit', 'Compilation': 'covidprisondata.com', 'Pop Tested Positive': 0.0}"
Bill Johnson Correctional Center,Oklahoma,40,"{'Pop Recovered': 0.0, 'Pop Deaths': '', 'Source': '', 'Staff Recovered': '', 'Staff Tested Negative': '', 'Staff Deaths': '', 'Pop Tested Negative': '', 'Pop Tested': '', 'Facility Type': 'State Prisons', 'State': 'Oklahoma', 'Notes': '', 'Staff Tested': '', 'Staff Tested Positive': 0.0, 'Date': '2020-06-17', 'Canonical Facility Name': 'Bill Johnson Correctional Center', 'Compilation': 'covidprisondata.com', 'Pop Tested Positive': 0.0}"
Preston E Smith Unit,Texas,48,"{'Pop Recovered': 12.0, 'Pop Deaths': '', 'Source': '', 'Staff Recovered': 22.0, 'Staff Tested Negative': '', 'Staff Deaths': '', 'Pop Tested Negative': '', 'Pop Tested': '', 'Facility Type': 'State Prisons', 'State': 'Texas', 'Notes': '', 'Staff Tested': '', 'Staff Tested Positive': 30.0, 'Date': '2020-06-17', 'Canonical Facility Name': 'Preston E. Smith Unit', 'Compilation': 'covidprisondata.com', 'Pop Tested Positive': 57.0}"
Louie C Powledge Unit,Texas,48,"{'Pop Recovered': 0.0, 'Pop Deaths': '', 'Source': '', 'Staff Recovered': 1.0, 'Staff Tested Negative': '', 'Staff Deaths': '', 'Pop Tested Negative': '', 'Pop Tested': '', 'Facility Type': 'State Prisons', 'State': 'Texas', 'Notes': '', 'Staff Tested': '', 'Staff Tested Positive': 1.0, 'Date': '2020-06-17', 'Canonical Facility Name': 'Louie C. Powledge Unit', 'Compilation': 'covidprisondata.com', 'Pop Tested Positive': 0.0}"
Bridgeport Unit,Texas,48,"{'Pop Recovered': 0.0, 'Pop Deaths': '', 'Source': '', 'Staff Recovered': 0.0, 'Staff Tested Negative': '', 'Staff Deaths': '', 'Pop Tested Negative': '', 'Pop Tested': '', 'Facility Type': 'State Prisons', 'State': 'Texas', 'Notes': '', 'Staff Tested': '', 'Staff Tested Positive': 0.0, 'Date': '2020-06-17', 'Canonical Facility Name': 'Bridgeport Unit', 'Compilation': 'covidprisondata.com', 'Pop Tested Positive': 0.0}"
Mark W Stiles Unit,Texas,48,"{'Pop Recovered': 33.0, 'Pop Deaths': '', 'Source': '', 'Staff Recovered': 6.0, 'Staff Tested Negative': '', 'Staff Deaths': '', 'Pop Tested Negative': '', 'Pop Tested': '', 'Facility Type': 'State Prisons', 'State': 'Texas', 'Notes': '', 'Staff Tested': '', 'Staff Tested Positive': 16.0, 'Date': '2020-06-17', 'Canonical Facility Name': 'Mark W. Stiles Unit', 'Compilation': 'covidprisondata.com', 'Pop Tested Positive': 40.0}"
Baten Unit,Texas,48,"{'Pop Recovered': 0.0, 'Pop Deaths': '', 'Source': '', 'Staff Recovered': 11.0, 'Staff Tested Negative': '', 'Staff Deaths': '', 'Pop Tested Negative': '', 'Pop Tested': '', 'Facility Type': 'State Prisons', 'State': 'Texas', 'Notes': '', 'Staff Tested': '', 'Staff Tested Positive': 13.0, 'Date': '2020-06-17', 'Canonical Facility Name': 'Baten Unit', 'Compilation': 'covidprisondata.com', 'Pop Tested Positive': 1.0}"
Hazel D Plant Womens Treatment Facility,Delaware,10,"{'Pop Recovered': '', 'Pop Deaths': '', 'Source': '', 'Staff Recovered': '', 'Staff Tested Negative': '', 'Staff Deaths': '', 'Pop Tested Negative': '', 'Pop Tested': '', 'Facility Type': 'State Prisons', 'State': 'Delaware', 'Notes': '', 'Staff Tested': '', 'Staff Tested Positive': 0.0, 'Date': '2020-06-17', 'Canonical Facility Name': ""Hazel D. Plant Women's Treatment Facility"", 'Compilation': 'covidprisondata.com', 'Pop Tested Positive': 0.0}"
Allan B Polunsky Unit,Texas,48,"{'Pop Recovered': 0.0, 'Pop Deaths': '', 'Source': '', 'Staff Recovered': 3.0, 'Staff Tested Negative': '', 'Staff Deaths': '', 'Pop Tested Negative': '', 'Pop Tested': '', 'Facility Type': 'State Prisons', 'State': 'Texas', 'Notes': '', 'Staff Tested': '', 'Staff Tested Positive': 7.0, 'Date': '2020-06-17', 'Canonical Facility Name': 'Allan B. Polunsky Unit', 'Compilation': 'covidprisondata.com', 'Pop Tested Positive': 2.0}"
ATEF,Alabama,01,"{'Pop Recovered': '', 'Pop Deaths': '', 'Source': '', 'Staff Recovered': '', 'Staff Tested Negative': '', 'Staff Deaths': '', 'Pop Tested Negative': '', 'Pop Tested': '', 'Facility Type': 'State Prisons', 'State': 'Alabama', 'Notes': '', 'Staff Tested': '', 'Staff Tested Positive': 2.0, 'Date': '2020-06-17', 'Canonical Facility Name': 'ATEF', 'Compilation': 'covidprisondata.com', 'Pop Tested Positive': 0.0}"
Buster Cole State Jail,Texas,48,"{'Pop Recovered': 0.0, 'Pop Deaths': '', 'Source': '', 'Staff Recovered': 1.0, 'Staff Tested Negative': '', 'Staff Deaths': '', 'Pop Tested Negative': '', 'Pop Tested': '', 'Facility Type': 'State Prisons', 'State': 'Texas', 'Notes': '', 'Staff Tested': '', 'Staff Tested Positive': 4.0, 'Date': '2020-06-17', 'Canonical Facility Name': 'Buster Cole State Jail', 'Compilation': 'covidprisondata.com', 'Pop Tested Positive': 0.0}"
Reverend CA Holliday Unit,Texas,48,"{'Pop Recovered': 238.0, 'Pop Deaths': '', 'Source': '', 'Staff Recovered': 11.0, 'Staff Tested Negative': '', 'Staff Deaths': '', 'Pop Tested Negative': '', 'Pop Tested': '', 'Facility Type': 'State Prisons', 'State': 'Texas', 'Notes': '', 'Staff Tested': '', 'Staff Tested Positive': 14.0, 'Date': '2020-06-17', 'Canonical Facility Name': 'Reverend C.A. Holliday Unit', 'Compilation': 'covidprisondata.com', 'Pop Tested Positive': 248.0}"
Secure Psychiatric UnitResidential Treatment Unit,New Hampshire,33,"{'Pop Recovered': '', 'Pop Deaths': '', 'Source': '', 'Staff Recovered': '', 'Staff Tested Negative': '', 'Staff Deaths': '', 'Pop Tested Negative': '', 'Pop Tested': 0.0, 'Facility Type': 'State Prisons', 'State': 'New Hampshire', 'Notes': '', 'Staff Tested': '', 'Staff Tested Positive': 0.0, 'Date': '2020-06-17', 'Canonical Facility Name': 'Secure Psychiatric Unit/Residential Treatment Unit', 'Compilation': 'covidprisondata.com', 'Pop Tested Positive': 0.0}"
Huntsville Unit,Texas,48,"{'Pop Recovered': 187.0, 'Pop Deaths': '', 'Source': '', 'Staff Recovered': 3.0, 'Staff Tested Negative': '', 'Staff Deaths': '', 'Pop Tested Negative': '', 'Pop Tested': '', 'Facility Type': 'State Prisons', 'State': 'Texas', 'Notes': '', 'Staff Tested': '', 'Staff Tested Positive': 7.0, 'Date': '2020-06-17', 'Canonical Facility Name': 'Huntsville Unit', 'Compilation': 'covidprisondata.com', 'Pop Tested Positive': 210.0}"
Bell Unit,Texas,48,"{'Pop Recovered': 0.0, 'Pop Deaths': '', 'Source': '', 'Staff Recovered': 1.0, 'Staff Tested Negative': '', 'Staff Deaths': '', 'Pop Tested Negative': '', 'Pop Tested': '', 'Facility Type': 'State Prisons', 'State': 'Texas', 'Notes': '', 'Staff Tested': '', 'Staff Tested Positive': 3.0, 'Date': '2020-06-17', 'Canonical Facility Name': 'Bell Unit', 'Compilation': 'covidprisondata.com', 'Pop Tested Positive': 0.0}"
Pierre Community Works Center,South Dakota,46,"{'Pop Recovered': 0.0, 'Pop Deaths': 0.0, 'Source': '', 'Staff Recovered': 0.0, 'Staff Tested Negative': 5.0, 'Staff Deaths': 0.0, 'Pop Tested Negative': 0.0, 'Pop Tested': '', 'Facility Type': 'State Prisons', 'State': 'South Dakota', 'Notes': '', 'Staff Tested': '', 'Staff Tested Positive': 0.0, 'Date': '2020-06-17', 'Canonical Facility Name': 'Pierre Community Works Center', 'Compilation': 'covidprisondata.com', 'Pop Tested Positive': 0.0}"
START revocation and sanction center,Montana,30,"{'Pop Recovered': '', 'Pop Deaths': '', 'Source': '', 'Staff Recovered': '', 'Staff Tested Negative': '', 'Staff Deaths': '', 'Pop Tested Negative': '', 'Pop Tested': 2.0, 'Facility Type': 'State Prisons', 'State': 'Montana', 'Notes': '', 'Staff Tested': 0.0, 'Staff Tested Positive': 0.0, 'Date': '2020-06-17', 'Canonical Facility Name': 'START revocation and sanction center,', 'Compilation': 'covidprisondata.com', 'Pop Tested Positive': 0.0}"
Lockhart Unit,Texas,48,"{'Pop Recovered': 0.0, 'Pop Deaths': '', 'Source': '', 'Staff Recovered': 0.0, 'Staff Tested Negative': '', 'Staff Deaths': '', 'Pop Tested Negative': '', 'Pop Tested': '', 'Facility Type': 'State Prisons', 'State': 'Texas', 'Notes': '', 'Staff Tested': '', 'Staff Tested Positive': 0.0, 'Date': '2020-06-17', 'Canonical Facility Name': 'Lockhart Unit', 'Compilation': 'covidprisondata.com', 'Pop Tested Positive': 0.0}"
Hutchinson Correctional Facility,Kansas,20,"{'Pop Recovered': '', 'Pop Deaths': '', 'Source': '', 'Staff Recovered': '', 'Staff Tested Negative': '', 'Staff Deaths': '', 'Pop Tested Negative': '', 'Pop Tested': '', 'Facility Type': 'State Prisons', 'State': 'Kansas', 'Notes': '', 'Staff Tested': '', 'Staff Tested Positive': 0.0, 'Date': '2020-06-17', 'Canonical Facility Name': 'Hutchinson Correctional Facility', 'Compilation': 'covidprisondata.com', 'Pop Tested Positive': 0.0}"
Bainbridge Probation Substance Abuse Treatment Center,Georgia,13,"{'Pop Recovered': 31.0, 'Pop Deaths': 0.0, 'Source': '', 'Staff Recovered': 5.0, 'Staff Tested Negative': '', 'Staff Deaths': 0.0, 'Pop Tested Negative': '', 'Pop Tested': '', 'Facility Type': 'State Prisons', 'State': 'Georgia', 'Notes': '', 'Staff Tested': '', 'Staff Tested Positive': 8.0, 'Date': '2020-06-17', 'Canonical Facility Name': 'Bainbridge Probation Substance Abuse Treatment Center', 'Compilation': 'covidprisondata.com', 'Pop Tested Positive': 31.0}"
St Clair Correctional Facility,Alabama,01,"{'Pop Recovered': '', 'Pop Deaths': '', 'Source': '', 'Staff Recovered': '', 'Staff Tested Negative': '', 'Staff Deaths': '', 'Pop Tested Negative': '', 'Pop Tested': '', 'Facility Type': 'State Prisons', 'State': 'Alabama', 'Notes': '', 'Staff Tested': '', 'Staff Tested Positive': 3.0, 'Date': '2020-06-17', 'Canonical Facility Name': 'St. Clair Correctional Facility', 'Compilation': 'covidprisondata.com', 'Pop Tested Positive': 10.0}"
Florida Womens Reception Center FWRC,Florida,12,"{'Pop Recovered': '', 'Pop Deaths': '', 'Source': '', 'Staff Recovered': '', 'Staff Tested Negative': '', 'Staff Deaths': '', 'Pop Tested Negative': 7.0, 'Pop Tested': 7.0, 'Facility Type': 'State Prisons', 'State': 'Florida', 'Notes': '', 'Staff Tested': '', 'Staff Tested Positive': 2.0, 'Date': '2020-06-17', 'Canonical Facility Name': ""Florida Women's Reception Center (FWRC)"", 'Compilation': 'covidprisondata.com', 'Pop Tested Positive': 0.0}"
Barry Telford Unit,Texas,48,"{'Pop Recovered': 187.0, 'Pop Deaths': '', 'Source': '', 'Staff Recovered': 45.0, 'Staff Tested Negative': '', 'Staff Deaths': '', 'Pop Tested Negative': '', 'Pop Tested': '', 'Facility Type': 'State Prisons', 'State': 'Texas', 'Notes': '', 'Staff Tested': '', 'Staff Tested Positive': 60.0, 'Date': '2020-06-17', 'Canonical Facility Name': 'Barry Telford Unit', 'Compilation': 'covidprisondata.com', 'Pop Tested Positive': 187.0}"
Northern New Castle County Adult Probation  Parole,Delaware,10,"{'Pop Recovered': '', 'Pop Deaths': '', 'Source': '', 'Staff Recovered': '', 'Staff Tested Negative': '', 'Staff Deaths': '', 'Pop Tested Negative': '', 'Pop Tested': '', 'Facility Type': 'State Prisons', 'State': 'Delaware', 'Notes': '', 'Staff Tested': '', 'Staff Tested Positive': 0.0, 'Date': '2020-06-17', 'Canonical Facility Name': 'Northern New Castle County Adult Probation & Parole', 'Compilation': 'covidprisondata.com', 'Pop Tested Positive': 0.0}"
Harrisonburg Mens CCAP,Virginia,51,"{'Pop Recovered': '', 'Pop Deaths': 0.0, 'Source': '', 'Staff Recovered': '', 'Staff Tested Negative': '', 'Staff Deaths': '', 'Pop Tested Negative': '', 'Pop Tested': '', 'Facility Type': 'State Prisons', 'State': 'Virginia', 'Notes': '', 'Staff Tested': '', 'Staff Tested Positive': 0.0, 'Date': '2020-06-17', 'Canonical Facility Name': ""Harrisonburg Men's CCAP"", 'Compilation': 'covidprisondata.com', 'Pop Tested Positive': 26.0}"
William P Hobby Unit,Texas,48,"{'Pop Recovered': 0.0, 'Pop Deaths': '', 'Source': '', 'Staff Recovered': 0.0, 'Staff Tested Negative': '', 'Staff Deaths': '', 'Pop Tested Negative': '', 'Pop Tested': '', 'Facility Type': 'State Prisons', 'State': 'Texas', 'Notes': '', 'Staff Tested': '', 'Staff Tested Positive': 1.0, 'Date': '2020-06-17', 'Canonical Facility Name': 'William P. Hobby Unit', 'Compilation': 'covidprisondata.com', 'Pop Tested Positive': 0.0}"
Emanuel Womens Facility,Georgia,13,"{'Pop Recovered': 0.0, 'Pop Deaths': 0.0, 'Source': '', 'Staff Recovered': 0.0, 'Staff Tested Negative': '', 'Staff Deaths': 0.0, 'Pop Tested Negative': '', 'Pop Tested': '', 'Facility Type': 'State Prisons', 'State': 'Georgia', 'Notes': '', 'Staff Tested': '', 'Staff Tested Positive': 1.0, 'Date': '2020-06-17', 'Canonical Facility Name': ""Emanuel Women's Facility"", 'Compilation': 'covidprisondata.com', 'Pop Tested Positive': 3.0}"
Lucille G Plane State Jail,Texas,48,"{'Pop Recovered': 0.0, 'Pop Deaths': '', 'Source': '', 'Staff Recovered': 1.0, 'Staff Tested Negative': '', 'Staff Deaths': '', 'Pop Tested Negative': '', 'Pop Tested': '', 'Facility Type': 'State Prisons', 'State': 'Texas', 'Notes': '', 'Staff Tested': '', 'Staff Tested Positive': 3.0, 'Date': '2020-06-17', 'Canonical Facility Name': 'Lucille G. Plane State Jail', 'Compilation': 'covidprisondata.com', 'Pop Tested Positive': 0.0}"
Turner Residential Substance Abuse Treatment Center,Georgia,13,"{'Pop Recovered': 0.0, 'Pop Deaths': 0.0, 'Source': '', 'Staff Recovered': 1.0, 'Staff Tested Negative': '', 'Staff Deaths': 0.0, 'Pop Tested Negative': '', 'Pop Tested': '', 'Facility Type': 'State Prisons', 'State': 'Georgia', 'Notes': '', 'Staff Tested': '', 'Staff Tested Positive': 1.0, 'Date': '2020-06-17', 'Canonical Facility Name': 'Turner Residential Substance Abuse Treatment Center', 'Compilation': 'covidprisondata.com', 'Pop Tested Positive': 0.0}"
Glen Ray Goodman Unit,Texas,48,"{'Pop Recovered': 5.0, 'Pop Deaths': '', 'Source': '', 'Staff Recovered': 0.0, 'Staff Tested Negative': '', 'Staff Deaths': '', 'Pop Tested Negative': '', 'Pop Tested': '', 'Facility Type': 'State Prisons', 'State': 'Texas', 'Notes': '', 'Staff Tested': '', 'Staff Tested Positive': 0.0, 'Date': '2020-06-17', 'Canonical Facility Name': 'Glen Ray Goodman Unit', 'Compilation': 'covidprisondata.com', 'Pop Tested Positive': 6.0}"
Jimmy Autry State Prison,Georgia,13,"{'Pop Recovered': 69.0, 'Pop Deaths': 3.0, 'Source': '', 'Staff Recovered': 9.0, 'Staff Tested Negative': '', 'Staff Deaths': 0.0, 'Pop Tested Negative': '', 'Pop Tested': '', 'Facility Type': 'State Prisons', 'State': 'Georgia', 'Notes': '', 'Staff Tested': '', 'Staff Tested Positive': 10.0, 'Date': '2020-06-17', 'Canonical Facility Name': 'Jimmy Autry State Prison', 'Compilation': 'covidprisondata.com', 'Pop Tested Positive': 74.0}"
Alfred D Hughes Unit,Texas,48,"{'Pop Recovered': 8.0, 'Pop Deaths': '', 'Source': '', 'Staff Recovered': 4.0, 'Staff Tested Negative': '', 'Staff Deaths': '', 'Pop Tested Negative': '', 'Pop Tested': '', 'Facility Type': 'State Prisons', 'State': 'Texas', 'Notes': '', 'Staff Tested': '', 'Staff Tested Positive': 5.0, 'Date': '2020-06-17', 'Canonical Facility Name': 'Alfred D. Hughes Unit', 'Compilation': 'covidprisondata.com', 'Pop Tested Positive': 8.0}"
Richard J Donovan Correctional Facility RJD,California,06,"{'Pop Recovered': 0.0, 'Pop Deaths': 0.0, 'Source': '', 'Staff Recovered': 5.0, 'Staff Tested Negative': '', 'Staff Deaths': '', 'Pop Tested Negative': '', 'Pop Tested': '', 'Facility Type': 'State Prisons', 'State': 'California', 'Notes': '', 'Staff Tested': '', 'Staff Tested Positive': 7.0, 'Date': '2020-06-17', 'Canonical Facility Name': 'Richard J. Donovan Correctional Facility (RJD)', 'Compilation': 'covidprisondata.com', 'Pop Tested Positive': 0.0}"
Ellen Halbert Unit,Texas,48,"{'Pop Recovered': 0.0, 'Pop Deaths': '', 'Source': '', 'Staff Recovered': 0.0, 'Staff Tested Negative': '', 'Staff Deaths': '', 'Pop Tested Negative': '', 'Pop Tested': '', 'Facility Type': 'State Prisons', 'State': 'Texas', 'Notes': '', 'Staff Tested': '', 'Staff Tested Positive': 0.0, 'Date': '2020-06-17', 'Canonical Facility Name': 'Ellen Halbert Unit', 'Compilation': 'covidprisondata.com', 'Pop Tested Positive': 0.0}"
TL Roach Jr Unit,Texas,48,"{'Pop Recovered': 0.0, 'Pop Deaths': '', 'Source': '', 'Staff Recovered': 0.0, 'Staff Tested Negative': '', 'Staff Deaths': '', 'Pop Tested Negative': '', 'Pop Tested': '', 'Facility Type': 'State Prisons', 'State': 'Texas', 'Notes': '', 'Staff Tested': '', 'Staff Tested Positive': 0.0, 'Date': '2020-06-17', 'Canonical Facility Name': 'T.L. Roach, Jr. Unit', 'Compilation': 'covidprisondata.com', 'Pop Tested Positive': 0.0}"
Carol Vance Unit,Texas,48,"{'Pop Recovered': 0.0, 'Pop Deaths': '', 'Source': '', 'Staff Recovered': 0.0, 'Staff Tested Negative': '', 'Staff Deaths': '', 'Pop Tested Negative': '', 'Pop Tested': '', 'Facility Type': 'State Prisons', 'State': 'Texas', 'Notes': '', 'Staff Tested': '', 'Staff Tested Positive': 1.0, 'Date': '2020-06-17', 'Canonical Facility Name': 'Carol Vance Unit', 'Compilation': 'covidprisondata.com', 'Pop Tested Positive': 1.0}"
Hamilton Unit,Texas,48,"{'Pop Recovered': 4.0, 'Pop Deaths': '', 'Source': '', 'Staff Recovered': 0.0, 'Staff Tested Negative': '', 'Staff Deaths': '', 'Pop Tested Negative': '', 'Pop Tested': '', 'Facility Type': 'State Prisons', 'State': 'Texas', 'Notes': '', 'Staff Tested': '', 'Staff Tested Positive': 1.0, 'Date': '2020-06-17', 'Canonical Facility Name': 'Hamilton Unit', 'Compilation': 'covidprisondata.com', 'Pop Tested Positive': 4.0}"
Byrd Unit,Texas,48,"{'Pop Recovered': 67.0, 'Pop Deaths': '', 'Source': '', 'Staff Recovered': 5.0, 'Staff Tested Negative': '', 'Staff Deaths': '', 'Pop Tested Negative': '', 'Pop Tested': '', 'Facility Type': 'State Prisons', 'State': 'Texas', 'Notes': '', 'Staff Tested': '', 'Staff Tested Positive': 5.0, 'Date': '2020-06-17', 'Canonical Facility Name': 'Byrd Unit', 'Compilation': 'covidprisondata.com', 'Pop Tested Positive': 67.0}"
CDCRCCHCS Worksite Location  San Bernardino County,California,06,"{'Pop Recovered': '', 'Pop Deaths': '', 'Source': '', 'Staff Recovered': 0.0, 'Staff Tested Negative': '', 'Staff Deaths': '', 'Pop Tested Negative': '', 'Pop Tested': '', 'Facility Type': 'State Prisons', 'State': 'California', 'Notes': '', 'Staff Tested': '', 'Staff Tested Positive': 3.0, 'Date': '2020-06-17', 'Canonical Facility Name': 'CDCR/CCHCS Worksite Location - San Bernardino County', 'Compilation': 'covidprisondata.com', 'Pop Tested Positive': ''}"
Joe Kegans State Jail,Texas,48,"{'Pop Recovered': 0.0, 'Pop Deaths': '', 'Source': '', 'Staff Recovered': 0.0, 'Staff Tested Negative': '', 'Staff Deaths': '', 'Pop Tested Negative': '', 'Pop Tested': '', 'Facility Type': 'State Prisons', 'State': 'Texas', 'Notes': '', 'Staff Tested': '', 'Staff Tested Positive': 0.0, 'Date': '2020-06-17', 'Canonical Facility Name': 'Joe Kegans State Jail', 'Compilation': 'covidprisondata.com', 'Pop Tested Positive': 0.0}"
French M Robertson Unit,Texas,48,"{'Pop Recovered': 45.0, 'Pop Deaths': '', 'Source': '', 'Staff Recovered': 14.0, 'Staff Tested Negative': '', 'Staff Deaths': '', 'Pop Tested Negative': '', 'Pop Tested': '', 'Facility Type': 'State Prisons', 'State': 'Texas', 'Notes': '', 'Staff Tested': '', 'Staff Tested Positive': 28.0, 'Date': '2020-06-17', 'Canonical Facility Name': 'French M. Robertson Unit', 'Compilation': 'covidprisondata.com', 'Pop Tested Positive': 200.0}"
Georgetown Probation  Parole,Delaware,10,"{'Pop Recovered': '', 'Pop Deaths': '', 'Source': '', 'Staff Recovered': '', 'Staff Tested Negative': '', 'Staff Deaths': '', 'Pop Tested Negative': '', 'Pop Tested': '', 'Facility Type': 'State Prisons', 'State': 'Delaware', 'Notes': '', 'Staff Tested': '', 'Staff Tested Positive': 0.0, 'Date': '2020-06-17', 'Canonical Facility Name': 'Georgetown Probation & Parole', 'Compilation': 'covidprisondata.com', 'Pop Tested Positive': 0.0}"
Chesterfield Womens CCAP,Virginia,51,"{'Pop Recovered': '', 'Pop Deaths': 0.0, 'Source': '', 'Staff Recovered': '', 'Staff Tested Negative': '', 'Staff Deaths': '', 'Pop Tested Negative': '', 'Pop Tested': '', 'Facility Type': 'State Prisons', 'State': 'Virginia', 'Notes': '', 'Staff Tested': '', 'Staff Tested Positive': 0.0, 'Date': '2020-06-17', 'Canonical Facility Name': ""Chesterfield Women's CCAP"", 'Compilation': 'covidprisondata.com', 'Pop Tested Positive': 0.0}"
Mount Pleasant Correctional Facility,Iowa,19,"{'Pop Recovered': 0.0, 'Pop Deaths': '', 'Source': '', 'Staff Recovered': 0.0, 'Staff Tested Negative': '', 'Staff Deaths': '', 'Pop Tested Negative': '', 'Pop Tested': 81.0, 'Facility Type': 'State Prisons', 'State': 'Iowa', 'Notes': '', 'Staff Tested': '', 'Staff Tested Positive': 0.0, 'Date': '2020-06-17', 'Canonical Facility Name': 'Mount Pleasant Correctional Facility', 'Compilation': 'covidprisondata.com', 'Pop Tested Positive': 0.0}"
Faribault,Minnesota,27,"{'Pop Recovered': '', 'Pop Deaths': '', 'Source': 'https://mn.gov/doc/about/covid-19-updates/', 'Staff Recovered': 2.0, 'Staff Tested Negative': '', 'Staff Deaths': '', 'Pop Tested Negative': 1582.0, 'Pop Tested': 1740.0, 'Facility Type': 'State Prisons', 'State': 'Minnesota', 'Notes': 'MAKE SURE TO ADD PRESUMED POSITIVES', 'Staff Tested': '', 'Staff Tested Positive': 4.0, 'Date': '2020-06-17', 'Canonical Facility Name': 'Faribault', 'Compilation': 'Recidiviz,covidprisondata.com', 'Pop Tested Positive': 158.0}"
New Hampshire State Prison for Men,New Hampshire,33,"{'Pop Recovered': '', 'Pop Deaths': '', 'Source': '', 'Staff Recovered': '', 'Staff Tested Negative': '', 'Staff Deaths': '', 'Pop Tested Negative': '', 'Pop Tested': 13.0, 'Facility Type': 'State Prisons', 'State': 'New Hampshire', 'Notes': '', 'Staff Tested': '', 'Staff Tested Positive': 7.0, 'Date': '2020-06-17', 'Canonical Facility Name': 'New Hampshire State Prison for Men', 'Compilation': 'covidprisondata.com', 'Pop Tested Positive': 1.0}"
Richard P LeBlanc Unit,Texas,48,"{'Pop Recovered': 30.0, 'Pop Deaths': '', 'Source': '', 'Staff Recovered': 11.0, 'Staff Tested Negative': '', 'Staff Deaths': '', 'Pop Tested Negative': '', 'Pop Tested': '', 'Facility Type': 'State Prisons', 'State': 'Texas', 'Notes': '', 'Staff Tested': '', 'Staff Tested Positive': 11.0, 'Date': '2020-06-17', 'Canonical Facility Name': 'Richard P. LeBlanc Unit', 'Compilation': 'covidprisondata.com', 'Pop Tested Positive': 243.0}"
Walker Sayle Unit,Texas,48,"{'Pop Recovered': 0.0, 'Pop Deaths': '', 'Source': '', 'Staff Recovered': 0.0, 'Staff Tested Negative': '', 'Staff Deaths': '', 'Pop Tested Negative': '', 'Pop Tested': '', 'Facility Type': 'State Prisons', 'State': 'Texas', 'Notes': '', 'Staff Tested': '', 'Staff Tested Positive': 0.0, 'Date': '2020-06-17', 'Canonical Facility Name': 'Walker Sayle Unit', 'Compilation': 'covidprisondata.com', 'Pop Tested Positive': 0.0}"
WATCh DUI treatment program,Montana,30,"{'Pop Recovered': '', 'Pop Deaths': '', 'Source': '', 'Staff Recovered': '', 'Staff Tested Negative': '', 'Staff Deaths': '', 'Pop Tested Negative': '', 'Pop Tested': 0.0, 'Facility Type': 'State Prisons', 'State': 'Montana', 'Notes': '', 'Staff Tested': 0.0, 'Staff Tested Positive': 0.0, 'Date': '2020-06-17', 'Canonical Facility Name': 'WATCh DUI treatment program', 'Compilation': 'covidprisondata.com', 'Pop Tested Positive': 0.0}"
Delores J Baylor Womens Correctional Institution,Delaware,10,"{'Pop Recovered': '', 'Pop Deaths': '', 'Source': '', 'Staff Recovered': '', 'Staff Tested Negative': '', 'Staff Deaths': '', 'Pop Tested Negative': '', 'Pop Tested': '', 'Facility Type': 'State Prisons', 'State': 'Delaware', 'Notes': '', 'Staff Tested': '', 'Staff Tested Positive': 0.0, 'Date': '2020-06-17', 'Canonical Facility Name': ""Delores J. Baylor Women's Correctional Institution"", 'Compilation': 'covidprisondata.com', 'Pop Tested Positive': 0.0}"
Crossroads Adult Transition Center,Illinois,17,"{'Pop Recovered': 3.0, 'Pop Deaths': '', 'Source': '', 'Staff Recovered': 1.0, 'Staff Tested Negative': '', 'Staff Deaths': '', 'Pop Tested Negative': '', 'Pop Tested': '', 'Facility Type': 'State Prisons', 'State': 'Illinois', 'Notes': '', 'Staff Tested': '', 'Staff Tested Positive': 1.0, 'Date': '2020-06-17', 'Canonical Facility Name': 'Crossroads Adult Transition Center', 'Compilation': 'covidprisondata.com', 'Pop Tested Positive': 3.0}"
Palmer PreRelease Center,South Carolina,45,"{'Pop Recovered': 0.0, 'Pop Deaths': '', 'Source': '', 'Staff Recovered': 0.0, 'Staff Tested Negative': '', 'Staff Deaths': '', 'Pop Tested Negative': '', 'Pop Tested': '', 'Facility Type': 'State Prisons', 'State': 'South Carolina', 'Notes': '', 'Staff Tested': '', 'Staff Tested Positive': 0.0, 'Date': '2020-06-17', 'Canonical Facility Name': 'Palmer Pre-Release Center', 'Compilation': 'covidprisondata.com', 'Pop Tested Positive': 0.0}"
Yankton Trustee Unit Community Works Center,South Dakota,46,"{'Pop Recovered': 0.0, 'Pop Deaths': 0.0, 'Source': '', 'Staff Recovered': 0.0, 'Staff Tested Negative': 1.0, 'Staff Deaths': 0.0, 'Pop Tested Negative': 4.0, 'Pop Tested': '', 'Facility Type': 'State Prisons', 'State': 'South Dakota', 'Notes': '', 'Staff Tested': '', 'Staff Tested Positive': 0.0, 'Date': '2020-06-17', 'Canonical Facility Name': 'Yankton Trustee Unit (Community Works Center)', 'Compilation': 'covidprisondata.com', 'Pop Tested Positive': 0.0}"
William G McConnell Unit,Texas,48,"{'Pop Recovered': 0.0, 'Pop Deaths': '', 'Source': '', 'Staff Recovered': 0.0, 'Staff Tested Negative': '', 'Staff Deaths': '', 'Pop Tested Negative': '', 'Pop Tested': '', 'Facility Type': 'State Prisons', 'State': 'Texas', 'Notes': '', 'Staff Tested': '', 'Staff Tested Positive': 2.0, 'Date': '2020-06-17', 'Canonical Facility Name': 'William G. McConnell Unit', 'Compilation': 'covidprisondata.com', 'Pop Tested Positive': 4.0}"
Northern New Hampshire Correctional Facility,New Hampshire,33,"{'Pop Recovered': '', 'Pop Deaths': '', 'Source': '', 'Staff Recovered': '', 'Staff Tested Negative': '', 'Staff Deaths': '', 'Pop Tested Negative': '', 'Pop Tested': 5.0, 'Facility Type': 'State Prisons', 'State': 'New Hampshire', 'Notes': '', 'Staff Tested': '', 'Staff Tested Positive': 0.0, 'Date': '2020-06-17', 'Canonical Facility Name': 'Northern New Hampshire Correctional Facility', 'Compilation': 'covidprisondata.com', 'Pop Tested Positive': 0.0}"
Richard A McGee Correctional Training Center,California,06,"{'Pop Recovered': '', 'Pop Deaths': '', 'Source': '', 'Staff Recovered': 5.0, 'Staff Tested Negative': '', 'Staff Deaths': '', 'Pop Tested Negative': '', 'Pop Tested': '', 'Facility Type': 'State Prisons', 'State': 'California', 'Notes': '', 'Staff Tested': '', 'Staff Tested Positive': 5.0, 'Date': '2020-06-17', 'Canonical Facility Name': 'Richard A McGee Correctional Training Center', 'Compilation': 'covidprisondata.com', 'Pop Tested Positive': ''}"
Detroit Reentry Center,Michigan,26,"{'Pop Recovered': '', 'Pop Deaths': 2.0, 'Source': 'https://medium.com/@MichiganDOC/mdoc-takes-steps-to-prevent-spread-of-coronavirus-covid-19-250f43144337', 'Staff Recovered': '', 'Staff Tested Negative': '', 'Staff Deaths': 1.0, 'Pop Tested Negative': 54.0, 'Pop Tested': 77.0, 'Facility Type': 'State Prisons', 'State': 'Michigan', 'Notes': '', 'Staff Tested': '', 'Staff Tested Positive': 16.0, 'Date': '2020-06-17', 'Canonical Facility Name': 'Detroit Reentry Center', 'Compilation': 'Recidiviz,covidprisondata.com', 'Pop Tested Positive': 23.0}"
St Marys Correctional Center,West Virginia,54,"{'Pop Recovered': 0.0, 'Pop Deaths': '', 'Source': '', 'Staff Recovered': '', 'Staff Tested Negative': '', 'Staff Deaths': '', 'Pop Tested Negative': 609.0, 'Pop Tested': 611.0, 'Facility Type': 'State Prisons', 'State': 'West Virginia', 'Notes': '', 'Staff Tested': '', 'Staff Tested Positive': '', 'Date': '2020-06-17', 'Canonical Facility Name': 'St. Marys Correctional Center', 'Compilation': 'covidprisondata.com', 'Pop Tested Positive': 0.0}"
